temperature,loading,fug_CO2,fug_H2O,act_coeff_CO2,Henry_CO2,x_CO2,x_MEA,x_H2O,x_MEAH^+,x_MEACOO^-,x_HCO3^-,a_CO2,a_MEA,a_H2O,a_MEAH^+,a_MEACOO^-,a_HCO3^-,C_CO2,C_MEA,C_H2O,C_MEAH^+,C_MEACOO^-,C_HCO3^-,Pressure,K1,K2
40.0,0.003,1.6091626274854943e-06,6.442134894015925,1.1212535226644356,0.0014351461065305194,6.150462871307767e-12,0.11156800504794709,0.8877585570857538,0.0003367189300795246,0.00033491476129178397,1.8041687825051976e-06,6.896228160470653e-12,0.04301212997397613,0.8691182097197738,0.0003217354637371695,0.000320011577641883,2.1771037849949986e-06,2.675131616169478e-07,4852.628231430297,38612.8822054027,14.64552301942385,14.567051056158997,0.07847196303713998,6.449302989280286,8069954.692810721,2717.0437943105826
40.0,0.03737931034482759,0.00017274944567628866,6.459339815725523,1.1142941333188554,0.15503038247340067,6.643982845986395e-10,0.10387362255107066,0.887735496823757,0.004195439980386952,0.004170581156854614,2.4858823532338377e-05,7.403351107153752e-10,0.0395119653325353,0.8714393518567546,0.003063153929254536,0.0030450041277234217,2.261111419308793e-05,2.889807710919767e-05,4517.994738511221,38612.15393607198,182.48112746629624,181.39989017846156,1.0812372878346879,6.466095869708294,8069954.692810721,2717.0437943105826
40.0,0.07175862068965518,0.000623062794149883,6.477825607327939,1.107532678934956,0.5625683160419637,2.410943056351908e-09,0.09618439943734117,0.8877072802574469,0.00805415894713908,0.00800108137604534,5.307757109373925e-05,2.670198221961059e-09,0.036102991275603305,0.8739332980977234,0.005317239718023841,0.005282198670161717,4.305021989874001e-05,0.00010486216474049879,4183.468503203094,38610.16410920545,350.3096185270432,348.0010492767685,2.30856925027466,6.484463986856325,8069954.692810721,2717.0437943105826
40.0,0.10613793103448277,0.0014494908985538124,6.496542964040126,1.100789787680284,1.3167735700095413,5.643165469641217e-09,0.08850178402742372,0.8876724563056553,0.011912877011882152,0.011824981877362023,8.789513452012468e-05,6.211938919171065e-09,0.03277785859771234,0.8764584851395988,0.007366103235114378,0.00731175493334867,6.582607214425726e-05,0.0002454339589830279,3849.1416471423286,38606.87169343934,518.1178159020086,514.2950588064255,3.8227570955830115,6.5034537531405405,8069954.692810721,2717.0437943105826
40.0,0.14051724137931035,0.0028359732027920257,6.515191820388408,1.0940196102985136,2.592250793400498,1.1109351295577525e-08,0.08082774118708677,0.8876290596738112,0.015771594014879285,0.0156403070689259,0.0001312869459533847,1.2153848175057011e-08,0.0295350215371613,0.8789744306932685,0.009288485349410354,0.009211165525370603,9.229519220860442e-05,0.00048313603193670085,3515.1282112287968,38602.216305215545,685.8929155205257,680.1833603516062,5.709555168919427,6.522948784983361,8069954.692810721,2717.0437943105826
40.0,0.17489655172413793,0.005093893362793912,6.533607903045416,1.0872027711997772,4.685320436750333,2.007941160505082e-08,0.07316506932956911,0.8875742981270408,0.019630306231992415,0.019444263533438606,0.00018604269855381584,2.1830391941072216e-08,0.026374344125199286,0.8814589723944642,0.011122842080350685,0.011017427343985349,0.00012397273193529975,0.0008731516208312652,3181.57723592237,38596.09794655817,853.6223093094407,845.5322573208047,8.09005198863623,6.543096170058851,8069954.692810721,2717.0437943105826
40.0,0.20927586206896553,0.008758332683068512,6.5516692919824315,1.0803309956115865,8.10708266137484,3.474371750479926e-08,0.06551783380370885,0.8875041031391137,0.023489014156732112,0.02323279236287114,0.0002562217938609698,3.7534714923207493e-08,0.02329652508871674,0.8838956618268096,0.012892137977094984,0.012751508545091016,0.00016289095305346295,0.0015106444663386524,2848.692085652511,38588.36240177105,1021.2939720890885,1010.1535397217699,11.140432367318525,6.564309186061506,8069954.692810721,2717.0437943105826
40.0,0.24365517241379311,0.014785487906034601,6.569262024315242,1.0734030831498138,13.774404171308875,5.9031593399804456e-08,0.05789216305823284,0.8874123547478603,0.027347711581157553,0.026999765688910278,0.00034794589224727997,6.336469435859631e-08,0.02030311342902505,0.8862691240843873,0.014611754246348122,0.014425848385323669,0.00021201660906495213,0.002566299944137077,2516.7651128117714,38578.77020178028,1188.896092092171,1173.769725473718,15.126366618453464,6.5874303249371104,8069954.692810721,2717.0437943105826
40.0,0.2780344827586207,0.024978425142505624,6.586256438219733,1.0664245960586323,23.422589121465,1.00379859643513e-07,0.05029771220362822,0.8872894136386985,0.03120638688890685,0.03073553365559813,0.00047085323330872013,1.0704755127275556e-07,0.01739686252607663,0.8885618662934379,0.016292818276868504,0.01604698635173455,0.00027595340982700643,0.004363110787592098,2186.2402626006774,38566.919958962666,1356.416752925408,1335.9506471854936,20.466105739914326,6.614133449728046,8069954.692810721,2717.0437943105826
40.0,0.3124137931034483,0.04298028754035766,6.6024780102964336,1.0594102491355424,40.570012962805215,1.7386686782674415e-07,0.04275049902370595,0.8871192630257887,0.035065032041818704,0.034424093261239436,0.0006409387805792655,1.8419634176074743e-07,0.014582554323911218,0.8907503432368868,0.017943845313848815,0.017615857410668085,0.00036228614359011215,0.007555849799587664,1857.8372838833354,38552.14043668829,1523.8447591390782,1495.991050049353,27.853709089725037,6.6478879769285575,8069954.692810721,2717.0437943105826
40.0,0.34679310344827585,0.07683329240034596,6.617655150641633,1.0523905255722976,73.00834674329994,3.1288460728627603e-07,0.03527890095596002,0.8868735642180139,0.0389236109707093,0.03803709168029696,0.000886519290412338,3.2927679630548595e-07,0.011868817186355645,0.892797914308045,0.019571605920394586,0.019125845474226452,0.00048438636673846214,0.013594330596953341,1532.8112394282366,38533.22326798541,1691.1680000891874,1652.650169445588,38.517830643599154,6.696465971554551,8069954.692810721,2717.0437943105826
40.0,0.38117241379310346,0.14643862721360276,6.631304527148673,1.0454277512561208,140.07532040129146,6.003068631091755e-07,0.02793735865437328,0.8864979781926459,0.04278203142305886,0.04152018897552701,0.0012618424475318447,6.275774539638412e-07,0.00927231511554865,0.894639372437804,0.021181584160204978,0.020556840053619407,0.0006677927867307421,0.026076220681707087,1213.5472277666556,38507.8337993855,1858.3723777892594,1803.5602739313003,54.81210385795913,6.779288065470995,8069954.692810721,2717.0437943105826
40.0,0.41555172413793107,0.3088043898725451,6.642452307340271,1.038656396861761,297.3114023131994,1.2741578943236972e-06,0.020840157037039727,0.8858784797039115,0.0466400445505771,0.04475929708494641,0.0018807474656306934,1.3234122475512198e-06,0.006828041148395638,0.8961433364065609,0.022778079382964743,0.021859559354001443,0.0009659358734043558,0.05533284951621202,905.0254119696974,38471.04101107131,2025.4370184758902,1943.761806198547,81.67521227734298,6.9523943544741895,8069954.692810721,2717.0437943105826
40.0,0.4499310344827586,0.7578761210438008,6.648930790121975,1.032386211247316,734.1013593431709,3.1460651524407824e-06,0.01424729211252226,0.8847559779515812,0.050496791935372085,0.047495206368052226,0.003001585567319867,3.2479542830655493e-06,0.004615248801157503,0.8970173583650525,0.024363665308029882,0.02291546190039186,0.0014995463250315228,0.13658624141350295,618.545384687894,38411.63095518862,2192.3153780020084,2062.001709639747,130.31366836226206,7.4075758829978975,8069954.692810721,2717.0437943105826
40.0,0.4843103448275862,2.2390850662505186,6.646104115402187,1.0272939396725653,2179.595322994112,9.340874805394784e-06,0.008722174401635122,0.882570532613282,0.054348976055355935,0.04916744875519168,0.005181527300164236,9.595824078822214e-06,0.0028034200457272298,0.8966360073824451,0.025937117388442107,0.023464322285570365,0.0025267458333977305,0.40541278804273834,378.55994386303615,38305.339459690236,2358.8550718123706,2133.9663464152673,224.88872539710303,8.885656274791483,8069954.692810721,2717.0437943105826
40.0,0.5186896551724138,7.201464172147331,6.62815696023124,1.024258147171568,7030.907386027414,3.0131660206992e-05,0.004985432862831159,0.8786131188926469,0.058185658292157515,0.049065165820461214,0.009120492471696306,3.086259845481689e-05,0.0015995798124417134,0.8942147294010999,0.0274902726676884,0.023181224144913085,0.0043631265856579745,1.3073593669710504,216.30910168418734,38121.4670229623,2524.57265444594,2128.8506403800097,395.72201406593,13.82988764711526,8069954.692810721,2717.0437943105826
40.0,0.5530689655172414,20.317280443278612,6.595942059328646,1.0232255306718245,19856.111711695452,8.509536227399098e-05,0.0029668024637694024,0.8729763363774131,0.06198588289827174,0.04727740500552801,0.014708477892743713,8.707174722051559e-05,0.0009558327027194206,0.8898685681580668,0.029011864712800914,0.022127710598938935,0.006935950843488785,3.690893187811796,128.68093760330115,37864.13650466474,2688.5516062919146,2050.5917997091187,637.9598065827951,26.913381759118938,8069954.692810721,2717.0437943105826
40.0,0.5874482758620689,46.79290229468019,6.555846287426714,1.0233269301010566,45726.24927408023,0.00019596443673898056,0.0019231793407591086,0.8664286581298062,0.06572609904634788,0.044568367957494776,0.02115773108885308,0.00020053568545708368,0.0006242102645503783,0.8844591866306621,0.030494242565815094,0.02067791399425621,0.00986459269219433,8.496661968840344,83.38556237963022,37566.77257746799,2849.7642501898517,1932.4034673807846,917.3607828090663,53.34885258519134,8069954.692810721,2717.0437943105826
40.0,0.6218275862068966,91.80791358729019,6.512321347236774,1.0239465765616311,89660.84333772298,0.0003842505550127976,0.0013379514777531701,0.8595125318387675,0.0693826330642333,0.04147593689429776,0.027906696169935515,0.0003934520403472608,0.0004381298542105158,0.878587170797653,0.03193093107278722,0.01908784985033674,0.012887377866743141,16.65417391604751,57.98944545699341,37252.961645789714,3007.1796194713766,1797.6485846471733,1209.5310348242022,98.32030793373701,8069954.692810721,2717.0437943105826
40.0,0.6562068965517242,161.03772741350505,6.467466660510889,1.024799303428643,157140.74636343482,0.0006734424611403451,0.0009780232138874886,0.8524897735579843,0.07292938061755726,0.0382566499368261,0.034672730680731165,0.0006901433650758965,0.000323314288494404,0.8725357568384461,0.03331408586613958,0.017475608734834704,0.015878745500960634,29.176874934163433,42.37282713950674,36934.094508441,3159.663282444894,1657.4682397019646,1502.1950427429297,167.50524794317695,8069954.692810721,2717.0437943105826
40.0,0.6905862068965517,260.8556303870267,6.422325666575653,1.0257515195717135,254306.84274876126,0.0010898575323644215,0.0007401322891724373,0.8454963815724604,0.07633681430300117,0.0350403717948261,0.04129644250817507,0.0011179230199394833,0.0002470479063839983,0.8664457167384777,0.034634214216015424,0.015897909207132313,0.018772656599874555,47.198711045568345,32.05307942989384,36616.106434880756,3305.93599019308,1517.5014478133369,1788.4345423797436,267.2779972156045,8069954.692810721,2717.0437943105826
40.0,0.7249655172413794,398.1916108572584,6.377519927831063,1.0267316672264688,387824.41758410115,0.0016620605177991668,0.000574482802260435,0.8386183308975208,0.07957256289120822,0.031906042332055067,0.04766652055915315,0.0017064901664712265,0.00019360962682388291,0.8604009064258213,0.035880591648494345,0.014386964984415867,0.021526262904300503,71.94853177475682,24.868645702033753,36302.74408261023,3444.5972383472013,1381.172873039744,2063.4243653074573,404.56916304344776,8069954.692810721,2717.0437943105826
40.0,0.7593448275862069,580.1167702906483,6.333487829454579,1.0276955286548823,564483.1120847091,0.0024191491072295453,0.00045475616579225103,0.8319195669613806,0.08260326388279307,0.02891009947469128,0.05369316440810179,0.0024861487206492543,0.00015471135159180635,0.8544604691110543,0.0370420566546831,0.012964252165066248,0.024106979965470236,104.67554054200183,19.677103543082797,35996.801560891836,3574.2076714598056,1250.9275598567758,2323.28011160303,586.450283897407,8069954.692810721,2717.0437943105826
40.0,0.7937241379310345,813.1816839699071,6.290569202901805,1.0286128556414595,790561.4629546837,0.003388030600692106,0.00036588331347212245,0.8254511604597499,0.0853974628130292,0.026096026526721314,0.059301436286307886,0.003484971831178557,0.0001256166387706791,0.8486702519723498,0.03810813053038249,0.01164520294217561,0.026488929925413605,146.5312712594877,15.824339675312151,35700.50632957034,3693.4137447789767,1128.6450426394158,2564.7687021395604,819.4722741024838,8069954.692810721,2717.0437943105826
40.0,0.8281034482758621,1102.602576202661,6.249026758098795,1.0294623669624252,1071046.9965561212,0.0045900795436565785,0.0002986304354572286,0.8192526039734782,0.08792934302367818,0.02349647993747231,0.06443286308620585,0.00472531415155851,0.0001034264297299104,0.8430656976051146,0.0390704071311259,0.010440394591122617,0.02865314787955392,198.42515518569914,12.909534559300637,35415.57908389223,3801.1091897006345,1015.7324363482608,2785.3767533523733,1108.8516201932027,8069954.692810721,2717.0437943105826
40.0,0.8624827586206897,1451.4920639002935,6.209044625784309,1.0302300242522628,1408900.9538950112,0.006037986632058,0.0002470026451533636,0.8133504738293345,0.0901822684466849,0.021132667807261616,0.06904960063942328,0.006220515114379952,8.62581669872608e-05,0.8376716473671689,0.03992384517534098,0.009355468344398689,0.03058895685197094,260.8888334297493,10.672470125386715,35143.18086765029,3896.588092160935,913.0985852507171,2983.489506910218,1457.7011228980225,8069954.692810721,2717.0437943105826
40.0,0.8968620689655172,1860.3874738918482,6.170722319551564,1.0309083699908834,1804609.9227114627,0.007733837186558537,0.00020691442058320673,0.8077569950180987,0.09215112668731792,0.019013554274709934,0.073137572412608,0.00797287748776994,7.28260549550021e-05,0.8325015267886205,0.040667600498657225,0.008390951441398432,0.03229497882554048,333.99398387252296,8.935819307312348,34883.84488309146,3979.644409133816,821.1205623547223,3158.523846779094,1866.5582083453469,8069954.692810721,2717.0437943105826
40.0,0.9312413793103448,2327.226918352122,6.134077318227003,1.0314957982846658,2256167.1334213894,0.009669030994425822,0.00017547439415921664,0.8024704164465774,0.09384253908233503,0.017136382356909056,0.07670615672542595,0.009973564844234438,6.221602412051211e-05,0.8275576939645104,0.041305065339024546,0.007542628320250515,0.03377880458356344,417.3500854396635,7.574104730561073,34637.50370226934,4050.58084170649,739.6677748686271,3310.913066837862,2333.361006036501,8069954.692810721,2717.0437943105826
40.0,0.9656206896551724,2847.7934319127157,6.0990567404136815,1.031995436556391,2759501.9619615385,0.011826122987140234,0.0001505798010025512,0.797477152701869,0.09527307225488711,0.015488639102143788,0.07978443315274333,0.012204504954883356,5.3758925687959895e-05,0.8228330145852042,0.04184317862506142,0.006802487599814637,0.03505535974835788,510.18495502865613,6.49608913134497,34403.56960011372,4110.128749435194,668.1877613123974,3441.940988122797,2853.892497610198,8069954.692810721,2717.0437943105826
40.0,1.0,3416.4315514451996,6.0655570690189515,1.0324137066312358,3309169.1145723066,0.014181776811044537,0.00013067557937826926,0.7927553286388046,0.09646610948525627,0.014051101231406187,0.08241500825385008,0.014641460764107397,4.6955951087024804e-05,0.8183135230024009,0.04229125706788974,0.00616007774580319,0.036144383552540085,611.4733687572278,5.634317744621703,34181.102823836474,4159.313584170604,605.8390510013922,3553.474533169212,3422.4971163378063,8069954.692810721,2717.0437943105826
60.0,0.003,1.3288426411661166e-05,17.452782187504415,1.0963213454724592,0.012120922817510704,3.547183527237565e-11,0.11156983366422382,0.8877567284988184,0.0003367189007479853,0.00033308617105529765,3.632729687740388e-06,3.8888530172188306e-11,0.051628161782541405,0.8731803101943728,0.0003128980301298741,0.0003095222945762379,4.290720241791004e-06,1.5256819197933669e-06,4798.738963146395,38183.37504798763,14.482643341659067,14.326395716773801,0.1562476246724779,17.487965060043074,934329.1609084306,765.8097560619952
60.0,0.03737931034482759,0.0013948178805320679,17.492319743217102,1.091042055386195,1.2784272371960452,3.741312526140618e-09,0.10389861465345432,0.8877105078240964,0.004195436890573021,0.0041455917989341754,4.984509163884588e-05,4.081929308362577e-09,0.04759642795690816,0.8751584140170545,0.0029570071883773287,0.0029218756161178156,4.403469849380269e-05,0.00016092589913906674,4469.013979876785,38183.28745558024,180.45925037787072,178.31525248044704,2.143997897423704,17.526137690619922,934329.1609084306,765.8097560619952
60.0,0.07175862068965518,0.004972803691981051,17.535524273260044,1.0859821986920966,4.579083983116897,1.3400672142952773e-08,0.09623730240643943,0.887654388455106,0.008054147868894903,0.007948188251707795,0.00010595961718710804,1.4552891397755781e-08,0.04365193426870532,0.8773199802670308,0.005123937403457273,0.005056527361501396,8.329671615600651e-05,0.0005764192482788954,4139.570979555756,38181.747144215464,346.4427612727566,341.88499265970745,4.5577686130491575,17.570233180677583,934329.1609084306,765.8097560619952
60.0,0.10613793103448277,0.01145751546043153,17.579438825355123,1.0809613978238253,10.599375226069704,3.101903193922486e-08,0.08858858196365561,0.8875856843498935,0.01191285133371176,0.011738206771121869,0.0001746445625898915,3.3530376124166385e-08,0.03978639391816674,0.8795170696369928,0.0070943192122770865,0.006990315205092422,0.00012665648897602005,0.0013342543681090246,3810.554200439872,38178.66007988891,512.4200510119315,504.9078800660875,7.51217094584402,17.617999202492516,934329.1609084306,765.8097560619952
60.0,0.14051724137931035,0.02221380064647062,17.623196698960157,1.0759341959899547,20.646058773168704,6.04206137479581e-08,0.08095608949017614,0.8875007622374264,0.015771543925892615,0.015512003320143946,0.0002595406057486731,6.50086044741289e-08,0.03599887330301651,0.881706320223942,0.008945970098363714,0.008798752900779973,0.0001766351608089851,0.0025988598926484376,3482.1482436329384,38173.89451380261,678.3782952805668,667.2147266083322,11.163568672234845,17.66993326700457,934329.1609084306,765.8097560619952
60.0,0.17489655172413793,0.039533436178686654,17.66629936668201,1.0708821807037878,36.916699979735526,1.0803658435883242e-07,0.07334492726797097,0.8873945315990742,0.019630216548185104,0.019264485406561813,0.0003657311416232922,1.156944530539752e-07,0.03229044359770158,0.8838627901991716,0.01071677396193688,0.010517109431186692,0.00023595447780910367,0.004646703852611738,3154.599510232902,38167.252447303945,844.3047640148496,828.5744971345445,15.730266880305203,17.727829353443198,934329.1609084306,765.8097560619952
60.0,0.20927586206896553,0.06730235125780709,17.708348560589943,1.0657986876579282,63.14733920877938,1.8480045191498654e-07,0.06576240858649657,0.887259685462445,0.023488860575303236,0.02298835431919734,0.0005005062561058942,1.9696007912958472e-07,0.028663598890756096,0.885966553816083,0.01242930395056672,0.012164457370786634,0.00030817708379581656,0.007947726489150377,2828.2486936431746,38158.441886003,1010.1871367726795,988.6618277790184,21.52530899366111,17.795176822074698,934329.1609084306,765.8097560619952
60.0,0.24365517241379311,0.11233975739947853,17.748940213390927,1.0606850374863608,105.91245603473791,3.0995240629116677e-07,0.05821935386545881,0.8870854285856996,0.027347453798217708,0.026672804501360527,0.0006746492968571745,3.287618796859339e-07,0.025122477144649796,0.8879973951801287,0.014098640828848019,0.013750833746257969,0.00039838158436520906,0.01332877505798655,2503.5865376217116,38147.02481686571,1176.0130029211898,1147.0012948707904,29.01170805039928,17.87839363594022,934329.1609084306,765.8097560619952
60.0,0.2780344827586207,0.18718925689941193,17.787582709339937,1.055550661190008,177.3380130219219,5.189790315599018e-07,0.050732369910147804,0.8868552006573728,0.03120595522672388,0.03030126062783944,0.000904694598884448,5.478086599068044e-07,0.021673624699405,0.8899307182593336,0.01573563739887479,0.015279444147896379,0.0005142250101305543,0.02231465470162655,2181.350782781038,38132.306643542695,1341.7692684533579,1302.8699173102998,38.89935114305837,17.989536241018172,934329.1609084306,765.8097560619952
60.0,0.3124137931034483,0.31631866673031056,17.823590803535673,1.050416114081551,301.1365329318935,8.812749368573411e-07,0.043328012010032065,0.8865425070583595,0.03506429982833576,0.03384723308916655,0.0012170667391692073,9.257053946111523e-07,0.018327546215061042,0.8917322395595797,0.01734848967447702,0.016746331072679876,0.0006678375114409674,0.037886716053384104,1862.7059723672053,38113.17311933554,1507.4423606601806,1455.1196858212088,52.32267483897156,18.15239436525211,934329.1609084306,765.8097560619952
60.0,0.34679310344827585,0.5509788987440373,17.855904960768843,1.0453202677203854,527.0909937923633,1.542529821107738e-06,0.036050797740327545,0.8861029928041237,0.038922333462863834,0.03726633438884036,0.0016559990740234725,1.612437685567019e-06,0.015101762415960016,0.8933489494648192,0.018943496915177244,0.018137522284179572,0.0008794121217880991,0.06630321377348383,1549.5867350979502,38087.740900220895,1673.0151734102756,1601.8346625953727,71.18051081490289,18.417171320565018,934329.1609084306,765.8097560619952
60.0,0.38117241379310346,1.0079394421664658,17.882744744589928,1.0403353716186983,968.8601095992474,2.835365485541338e-06,0.02897908080940212,0.885458682339734,0.042779700742689074,0.04048054663867842,0.002299154104010658,2.9497310060754786e-06,0.012026882543223871,0.8946917709422582,0.020525318970310995,0.019422205331658837,0.001184240489368685,0.12185014720482906,1245.3792220060525,38052.68538997229,1838.462399100541,1739.6559956760466,98.80640342449463,18.89887701103307,934329.1609084306,765.8097560619952
60.0,0.41555172413793107,1.9789001512398687,17.90094523349368,1.03559690179606,1910.878786724657,5.592179619381048e-06,0.022255905966361077,0.8844674515932835,0.046635525130367964,0.04334758292262299,0.003287942207744969,5.791243888118084e-06,0.00915830973938321,0.8956023597742236,0.022096688807205916,0.020538807008351492,0.001646251209006327,0.24027291769919765,956.2445819951017,38001.92226797849,2003.7363701039312,1862.4670402091476,141.26932989478334,19.886084110529403,934329.1609084306,765.8097560619952
60.0,0.4499310344827586,4.251361304318324,17.904882540576807,1.031353368632926,4122.118988134557,1.2063365794970888e-05,0.016139787410096012,0.8828733006037425,0.050487424310183236,0.04561107782102197,0.004876346489161266,1.2441592949694441e-05,0.006595079538995237,0.8957993472220266,0.02365725895470853,0.021372313877332034,0.0023793768881409582,0.5181910127518375,693.2967901150503,37924.49118654242,2168.7255430347936,1959.2583869612558,209.46715607353775,22.160736474432294,934329.1609084306,765.8097560619952
60.0,0.4843103448275862,9.954486240977818,17.886009577396518,1.0279931121520836,9683.417255722945,2.8338484366261067e-05,0.011029688167942133,0.8802840818324726,0.05432894575760945,0.046877833001579494,0.00745111275602996,2.913176673734588e-05,0.004487051471010328,0.8948551138231906,0.025201494155906192,0.021745156618751125,0.003554472872593834,1.2169894770737986,473.66733740256024,37803.59071359309,2333.14366544746,2013.1573987374875,319.9862667099729,27.843552439580225,934329.1609084306,765.8097560619952
60.0,0.5186896551724138,23.958058451554177,17.83686811544949,1.0258757138573376,23353.763158570964,6.834470050037284e-05,0.007286103139362373,0.8763551109951291,0.058145220582504,0.0468006442357381,0.011344576346765892,7.011316841418593e-05,0.002961573768269779,0.8923965168771386,0.02671796635965272,0.021505087189862316,0.005311259374278524,2.934237141834096,312.8136387200124,37624.478522720594,2496.343748735703,2009.288029252793,487.05571948290924,41.79694401860666,934329.1609084306,765.8097560619952
60.0,0.5530689655172414,54.2040830151749,17.758958386806686,1.0249796028513605,52883.08456518175,0.00015476214910643964,0.004868480744749248,0.8711529741905036,0.06191189145782037,0.045441898789825165,0.016469992667995197,0.00015862804612754155,0.0019840843362828762,0.8884986145087591,0.028194141099414104,0.02069384856669231,0.007595544006034158,6.6424282150119005,208.956350437621,37390.092660025985,2657.27309318599,1950.377094192795,706.8959989931948,71.96439297868976,934329.1609084306,765.8097560619952
60.0,0.5874482758620689,110.00759184033237,17.6614616496138,1.0249381236989883,107330.9591054301,0.00031410365021990964,0.003384557249468811,0.865100998448972,0.06560017032566963,0.043219658866516075,0.022380511459153547,0.0003219368059033975,0.0013862819676060097,0.8836207543309144,0.029620927795526115,0.019515290711545494,0.01019554275469602,13.47716779038521,145.2203624991956,37118.67500923284,2814.690316199512,1854.415235160251,960.2750810392606,127.66999783811933,934329.1609084306,765.8097560619952
60.0,0.6218275862068966,200.8824883583828,17.553195367618162,1.0253869594916734,195908.95563755612,0.0005733268256373338,0.0024556628559711654,0.8586102893969063,0.06918036046074269,0.040539276265210825,0.02864108419553187,0.0005878818505352784,0.0010122467981378718,0.8782040829554917,0.030990943947644303,0.018160507260238233,0.012913917464466068,24.591409689638606,105.32947116801121,36827.92509634764,2967.3172621494346,1738.8301167506452,1228.4871453987894,218.43637327793698,934329.1609084306,765.8097560619952
60.0,0.6562068965517242,336.5515886720578,17.439818731272524,1.0260931085536236,327993.22582573374,0.0009598709481210059,0.0018469254072016324,0.8519494916881174,0.07262185597827993,0.037663123284329685,0.034958732693950244,0.0009849169649677968,0.000766700382466735,0.872531735393396,0.032296164374523886,0.01674942624452435,0.015623433309728136,41.156804022859255,79.19142378237129,36529.40880794543,3113.8388969113626,1614.8981141020342,1498.9407828093283,353.9919296867636,934329.1609084306,765.8097560619952
60.0,0.6905862068965517,526.9004917403626,17.324692636703283,1.0269220488341417,513087.13484002947,0.0015015475802822177,0.0014293144757258423,0.8452827105702474,0.07589321368687224,0.034748582280146684,0.04114463140672556,0.0015419723175653629,0.0005976975743367191,0.8667718606704186,0.03352761494920669,0.01535100478847042,0.018246564586045788,64.3587974604919,61.26276786600342,36230.20640892468,3252.9078881278033,1489.3813545268197,1763.5265336009834,544.225591534214,934329.1609084306,765.8097560619952
60.0,0.7249655172413794,781.4952284121648,17.209914553823076,1.0277939260146467,760361.789101513,0.00222519593074654,0.0011317288130777827,0.8387158648047657,0.07896360522570499,0.03189454787235964,0.047069057353345344,0.002287042861813802,0.00047674702187889824,0.861029397323537,0.034676108390013276,0.0140061841896801,0.020733413779160412,95.33878622602458,48.48905657474227,35934.88170372937,3383.205125547748,1366.5257244823547,2016.6794010653932,798.7054677304944,934329.1609084306,765.8097560619952
60.0,0.7593448275862069,1108.7726978232386,17.096886192578882,1.0286585479323143,1077882.1602678169,0.003154418108893188,0.000913268191613818,0.8323216558231905,0.0818053289381512,0.029166996062563125,0.052638332875588084,0.0032448191514654634,0.00038751039097942026,0.8553744743163255,0.03573333070743509,0.012740415931020883,0.023050350374269793,135.09705510410132,39.11334482243575,35646.57591968253,3503.5491966676286,1249.1607447903548,2254.388451877274,1125.8698479915008,934329.1609084306,765.8097560619952
60.0,0.7937241379310345,1515.11911321282,16.986575645862228,1.029483227451928,1471727.8269437067,0.004307005978760943,0.0007491545665484109,0.8261506026992652,0.08439661837771227,0.026610454239707707,0.05778616413800455,0.004433990415669566,0.0003201096870715014,0.8498555263133691,0.03669294098935054,0.011569371449783856,0.025175438399876092,184.3827360230908,32.07127395818633,35367.4708704812,3613.0155110803885,1139.192372550662,2473.8231385297263,1532.105906920379,934329.1609084306,765.8097560619952
60.0,0.8281034482758621,2004.0948047014454,16.879628010699996,1.0302470495789644,1945256.5338774498,0.005692785967791877,0.0006236088403050019,0.8202353164108412,0.08672414439052858,0.024252932791233254,0.06247121159929534,0.005864975947202111,0.0002682602480523301,0.8445048281701028,0.037551498441717235,0.010501504215664911,0.02709681942654059,243.60199544637146,26.685063997798597,35098.97630856648,3711.0431950959937,1037.815729731849,2673.2274653641452,2020.974615453522,934329.1609084306,765.8097560619952
60.0,0.8624827586206897,2576.0427261483724,16.77642020981243,1.030937892436855,2498737.0675252923,0.00731254467854447,0.0005261280689358757,0.8145926730260746,0.08878432711321543,0.02210842778027932,0.06667589933293612,0.0075387793992489766,0.00022777722769929857,0.8393412377106971,0.038308927741688294,0.009539410725465613,0.02881182692913221,312.7727935439291,22.503595275906253,34841.82827495491,3797.49091935063,945.6235854518641,2851.867333898766,2592.8193015221514,934329.1609084306,765.8097560619952
60.0,0.8968620689655172,3228.209114170309,16.67710066891552,1.0315504795698494,3129472.7481649313,0.00915839028790162,0.00044945846749497683,0.8092258050145416,0.0905831731150159,0.02017907247511402,0.07040410063990189,0.009447341893572766,0.00019576504035711623,0.8343721808235485,0.038968444567792394,0.008680939738967854,0.030325810023524587,391.5411617609041,19.215329877209225,34596.16830709367,3872.628237332815,862.6993643851247,3009.9288729476907,3244.886348196191,934329.1609084306,765.8097560619952
60.0,0.9312413793103448,3955.2860012693654,16.581636870596167,1.0320846939961814,3832326.963356749,0.011215290518778533,0.000388446546903245,0.8041269407080309,0.09213466111311776,0.018457736554281436,0.07367692455883632,0.011575129683151818,0.00017015987118310064,0.8295960306296551,0.0395359639907449,0.00792041126482017,0.03165032990554459,479.24793227876523,16.598964074314647,34361.675516003015,3937.066610600422,788.729642212511,3148.3369683879105,3971.867754054449,934329.1609084306,765.8097560619952
60.0,0.9656206896551724,4750.230268288877,16.48986442242193,1.0325440231599534,4600511.127604493,0.0134633786011214,0.0003393520951951552,0.799280530565642,0.0934583693689816,0.016930804695157026,0.07652756467382456,0.013901531106127516,0.00014945737969867826,0.8250045624096799,0.04001924889902836,0.007249838529509006,0.03280109269375715,575.0279128441871,14.493904747142631,34137.687788849194,3991.6556362450024,723.1234874296558,3268.532148815346,4766.720234523056,934329.1609084306,765.8097560619952
60.0,1.0,5605.104780322392,16.401536333238575,1.032934169493844,5426391.096219609,0.015880313239063977,0.0002994198312724065,0.7946664070626616,0.09457692993344705,0.01558089340768372,0.0789960365257633,0.016403318166894647,0.00013254378384150987,0.8205854189468561,0.04042700784144881,0.006660069219972091,0.03379591157814265,677.911438605654,12.781871837743633,33923.35145494826,4037.375186805087,665.1295667633063,3372.2456200417796,5621.506406945689,934329.1609084306,765.8097560619952
80.0,0.003,9.471699605514687e-05,41.58485849596037,1.07565326348823,0.08805532346733151,1.9541473576369184e-10,0.11157347056165576,0.8877530917614369,0.000336718740749781,0.00032944941566817495,7.26932507808578e-06,2.1019849825790528e-10,0.06025833998861655,0.8764462918730491,0.00030530521458836473,0.0002987140671844204,8.434765607819362e-06,8.293675043616706e-06,4735.334337559404,37677.48441928606,14.290814896638802,13.982294560249436,0.3085203362399598,41.72197389096927,119488.45756577549,231.97177947365515
80.0,0.03737931034482759,0.009715739871391927,41.6646459803876,1.0717806912375822,9.065044696945593,2.0117390344910647e-08,0.10394812660211313,0.887661012388928,0.00419542044578744,0.004096094457015489,9.932598877195196e-05,2.1561430529764596e-08,0.055725956545414644,0.8781279002130395,0.0028626091746505556,0.0027948373052005416,8.549997239816842e-05,0.0008538956132746831,4412.145302739068,37677.344404942814,178.07732777860568,173.86137209835036,4.215955680255351,41.80107626882122,119488.45756577549,231.97177947365515
80.0,0.07175862068965518,0.03422615137280797,41.7533563245128,1.068148550428758,32.04250135345827,7.110957848581214e-08,0.09634163320655896,0.8875501162934932,0.008054089695184985,0.007843909148070543,0.00021018054711444196,7.595559318122024e-08,0.051278271368437704,0.8799975675624395,0.004950148040318719,0.0048209683486604964,0.0001606170239091067,0.0030185125561859143,4089.581680975348,37675.39095750245,341.88602142275516,332.9641204068808,8.921901015874406,41.90418348931474,119488.45756577549,231.97177947365515
80.0,0.10613793103448277,0.07805105886797875,41.84361462515936,1.0645752230473355,73.31662167052734,1.6270621339717217e-07,0.08875885681879415,0.8874155443194892,0.011912718077751527,0.011568050391420706,0.00034466768633082014,1.7321300341848194e-07,0.046906507159242154,0.8818998597854639,0.006847967091425146,0.006649836575948648,0.000242720439606211,0.006906997707961885,3767.878360688242,37671.43861717446,505.70359140357175,491.0721961434269,14.631395260144846,42.02832579805285,119488.45756577549,231.97177947365515
80.0,0.14051724137931035,0.14980047717141917,41.93316312800683,1.061015975243551,141.18588283935424,3.133234982533653e-07,0.08120631190735159,0.8872508007005062,0.015771287034322037,0.015262009408809306,0.0005092776255127305,3.3244123706601544e-07,0.04261106237127879,0.8837871922449715,0.00863317399589735,0.0083543963448597,0.0003363950645784419,0.013301090666308113,3447.3396453742625,37665.23548236666,669.5167133562855,647.8970521785297,21.619661177755866,42.17985636156787,119488.45756577549,231.97177947365515
80.0,0.17489655172413793,0.2637287219034429,42.0206078466794,1.0574538438675478,249.39974773639048,5.534746098743176e-07,0.07369294327350961,0.8870469785197491,0.01962976236606562,0.018916873587338436,0.0007128887787271819,5.852738536946885e-07,0.0383952092183041,0.885630185156247,0.010343140346906672,0.009967511312147856,0.0004463456515347507,0.023495795583005668,3128.371744925383,37656.423814193746,833.3117286098962,803.0485716022133,30.263157007682743,42.37164294974984,119488.45756577549,231.97177947365515
80.0,0.20927586206896553,0.44347614494171134,42.10474182981672,1.0538843127810227,420.8015429809869,9.338540714246647e-07,0.06623125449749143,0.886791623794185,0.02348809392712601,0.022520190982867935,0.0009679029442580772,9.84174156301143e-07,0.034264579408781845,0.8874034007017171,0.012000026744470779,0.011505526796829856,0.0005784840520910322,0.039642307785191566,2811.531111904261,37644.49668045898,997.0746792655956,955.9869894470617,41.0876898185341,42.626131768986795,119488.45756577549,231.97177947365515
80.0,0.24365517241379311,0.7292943593086536,42.18426160448382,1.0503116647560073,694.3599540790327,1.5409422350436725e-06,0.058839137045080356,0.8864669437255656,0.02734618914355949,0.026054147810533397,0.0012920413330260957,1.6184696041815625e-06,0.030227682164018627,0.8890793667662483,0.013618524883059414,0.012975082502426967,0.000740892180913508,0.065409873809251,2497.6020785456994,37628.724559891314,1160.7902881534305,1105.9457530192644,54.84453513416626,42.982290308377024,119488.45756577549,231.97177947365515
80.0,0.2780344827586207,1.1922417148505833,42.25753958715986,1.0467491916183116,1138.9946363439126,2.527687448448062e-06,0.051542834959575554,0.8860468696858419,0.03120388383356707,0.02949264151485086,0.0017112423187162047,2.6458547933267613e-06,0.02629714419765147,0.8906237802502713,0.015209048981192519,0.014374974338982537,0.0009451526932519322,0.10728700577963671,2187.721601261284,37608.018225267224,1324.44035644299,1251.8071419800278,72.63321446296163,43.509578045970606,119488.45756577549,231.97177947365515
80.0,0.3124137931034483,1.963218189908188,42.322344130909194,1.0432219513262087,1881.8796780612436,4.176317859576467e-06,0.0443817842846151,0.8854922609094564,0.03506088924403438,0.0327965015644408,0.0022643876795935855,4.356826466825857e-06,0.022491884792533764,0.8919896067582814,0.016779215914922308,0.01569553975581133,0.0012084241560299453,0.17724505062356535,1883.5854613538736,37580.74119089887,1488.001942839741,1391.9001799002592,96.10176293948206,44.336706333490845,119488.45756577549,231.97177947365515
80.0,0.34679310344827585,3.294900519100088,42.375429756236606,1.0397723929833766,3168.867091812434,7.032434849285681e-06,0.03741652130404148,0.8847431865133828,0.03891662987826629,0.03590569822575537,0.0030109316525109113,7.312131611741464e-06,0.018840723895205688,0.893108444266758,0.0183344753226119,0.0169159595813025,0.0015567269652076742,0.29842372961244473,1587.7826209523628,37544.37362407149,1651.4402310316434,1523.670337302484,127.76989372915925,45.71317195937348,119488.45756577549,231.97177947365515
80.0,0.38117241379310346,5.6983046593203746,42.41192696450158,1.0364696553263348,5497.8017253445305,1.220086905748469e-05,0.030740900705187375,0.8837070293097825,0.042769934557986326,0.03872744174678636,0.004042492811199962,1.26458305466929e-05,0.015387929932237929,0.8938776627757176,0.019878185763770175,0.017999356069962905,0.00202985049579964,0.5176735328131107,1304.3128809049072,37495.01266501469,1814.6955775446095,1643.1757026008065,171.51987494380285,48.145222043288,119488.45756577549,231.97177947365515
80.0,0.41555172413793107,10.245541808519606,42.424591039348925,1.0334218247463542,9914.191439719496,2.200183957330198e-05,0.024497654998249494,0.882243642959659,0.04661835010125903,0.04112116710549015,0.005497182995768876,2.2737181199618277e-05,0.012200093106063594,0.8941445719787641,0.02141115854378182,0.0188863790007278,0.002687215519408027,0.9333669266706087,1039.2449631393,37426.73583545071,1977.6540054980699,1744.451287106614,233.20271839145562,52.697874485449795,119488.45756577549,231.97177947365515
80.0,0.4499310344827586,19.201669291631934,42.40344282401912,1.0307834395664235,18628.228349990466,4.134026402287448e-05,0.01888715403101702,0.880158167853443,0.05045666892575855,0.04289118055590491,0.007565488369853646,4.261285954208263e-05,0.009369324356616134,0.893698850252734,0.022930677088683796,0.01949244435313469,0.003609594591515658,1.7534193929840127,801.0858890000554,37331.314564260414,2140.0855531751204,1819.2004708312752,320.88508234384545,61.626416903936104,119488.45756577549,231.97177947365515
80.0,0.4843103448275862,37.10830075756081,42.33742554641765,1.0287334686026035,36071.83190799408,8.005157693195159e-05,0.014137337955918233,0.8772337672666086,0.054274421598610754,0.04381890311294211,0.010455518485668652,8.235173640431472e-05,0.006997595801175906,0.8923074640548228,0.024429527209263103,0.019723380818213707,0.004882657168993658,3.3946320401530374,599.5017490839291,37199.59015421714,2301.5373035815905,1858.165175159512,443.37212842207896,79.46163804866505,119488.45756577549,231.97177947365515
80.0,0.5186896551724138,71.92634393640179,42.21958929068832,1.0273983991753934,70008.23049182385,0.00015536414295177627,0.010403675394873618,0.8733346902985339,0.05805313508182029,0.04376539045010885,0.014287744631711447,0.00015962087175791192,0.005148554086090764,0.8898239363209912,0.025896467790974435,0.01952295982901336,0.0065504881355833095,6.586810245998921,441.0736891090155,37025.8527930103,2461.217741135948,1855.4752516248116,605.7424895111365,114.15764045918105,119488.45756577549,231.97177947365515
80.0,0.5530689655172414,135.10409802610104,42.05246384139672,1.0267668777911234,131582.0571820057,0.00029201043074930243,0.007661924483890079,0.8685138184532191,0.061766123316070766,0.042778818494513995,0.01898730482155675,0.00029982663826290233,0.0037984460929008103,0.8863015850227788,0.027319002115577095,0.018920964603414605,0.008570931632694024,12.377011912149724,324.7545999085023,36812.40375310742,2617.9888235110343,1813.2021679350762,804.7866555759573,177.16519910607988,119488.45756577549,231.97177947365515
80.0,0.5874482758620689,240.20271621032418,41.84687138507513,1.026700039740821,233956.07958772522,0.0005192016072702988,0.005727325397982957,0.8629903745187035,0.06538154923802163,0.04107249168451456,0.024309057553507082,0.0005330643108179139,0.002848820924818114,0.8819684995561626,0.02868600105290346,0.01802045918823511,0.010830860837970588,22.000790607883143,242.69124952580293,36568.589658699195,2770.495611458795,1740.4169722159465,1030.0786392428488,282.05606549330906,119488.45756577549,231.97177947365515
80.0,0.6218275862068966,401.3481993909183,41.6157504426151,1.0270208597391095,390788.7513529875,0.000867248879204888,0.004373189100130258,0.8570277130226845,0.06886592449899015,0.03890319627450686,0.029962728224483294,0.0008906826895287832,0.0021848055224333025,0.87709737337419,0.029987952703929868,0.016940558315291617,0.01320297934811299,36.738612016442254,185.25812079632865,36305.62044075082,2917.3153658516076,1648.0268448879117,1269.288520963696,442.96891783520863,119488.45756577549,231.97177947365515
80.0,0.6562068965517242,632.292484824985,41.36991044761767,1.0275791029634929,615322.4437919001,0.0013655400721760268,0.0034135701933779997,0.850848273054449,0.07218630833999845,0.03648649397989451,0.035699814360103936,0.001403200442427345,0.0017139400481075077,0.8719160270908903,0.031216183857135597,0.015778187450923506,0.01558279453510523,57.829874722648384,144.56282950777398,36032.95871084312,3057.050652010786,1545.1830516870912,1511.8676003236947,673.6662925792245,119488.45756577549,231.97177947365515
80.0,0.6905862068965517,945.6813442533453,41.117187924509885,1.028266174873944,919685.3571199862,0.0020409904134190675,0.002719478080480888,0.8446156154651222,0.07531195802048889,0.033979127470436805,0.04133283055005209,0.002098681405360814,0.0013727200283479484,0.8665896240138632,0.03236264901053202,0.014601327663140934,0.017895055946220654,86.40719525721472,115.13159099272049,35757.57432418795,3188.400601538439,1438.5374290364084,1749.8631725020307,986.801653588585,119488.45756577549,231.97177947365515
80.0,0.7249655172413794,1352.1940790942929,40.863017988012494,1.0290077821246348,1314075.6586916787,0.0029162319494743846,0.002206535550872078,0.8384445531008751,0.07821633969938924,0.03148944502891959,0.04672689467046965,0.0030008253704896367,0.0011198571885840342,0.8612327151194784,0.03342044451087208,0.01345487725853504,0.020088467921572255,123.41973274334397,93.3842138401931,35484.35256752248,3310.2441469380174,1332.685107714411,1977.5590392236063,1393.0596435114185,119488.45756577549,231.97177947365515
80.0,0.7593448275862069,1859.6232977646628,40.61111806423542,1.0297540276917667,1805890.7736763894,0.004007681244700504,0.0018199264427206188,0.8324137055420754,0.08087934338525175,0.0290905534137905,0.05178878997146125,0.004126925903435097,0.0009286344949320367,0.8559236492213952,0.03438459725706771,0.012367397177717442,0.022129811853061405,169.55162950274416,76.9950190890177,35216.64812582259,3421.7353194480975,1230.7243099652737,2191.0110094828237,1900.236527439144,119488.45756577549,231.97177947365515
80.0,0.7937241379310345,2472.161330136263,40.36397651410658,1.0304721023954033,2399057.019000858,0.005324051686937606,0.0015234571413612588,0.8265745575936709,0.08328896678901505,0.026829650405373603,0.05645931638364144,0.005486286735100389,0.0007814547510643587,0.8507148712427658,0.03525269266247306,0.011355854880252576,0.023999888370538392,225.15943303828965,64.42851541968031,34956.658893504675,3522.373117933883,1134.6525595742648,2387.7205583596174,2512.5270835904553,119488.45756577549,231.97177947365515
80.0,0.8281034482758621,3190.126319407466,40.12316144947738,1.0311415214149466,3093781.2639238215,0.006865802365993573,0.0012926402090701803,0.8209573559273703,0.085442100748783,0.02473428612329254,0.06070781462549045,0.0070796138974049535,0.0006664261803340043,0.8456394308527995,0.036025173625912225,0.010428780944004318,0.025690698927856824,290.24934907896875,54.6459043351195,34705.679755614095,3612.0343703900244,1045.6331342680176,2566.4012361220066,3230.2509962350155,119488.45756577549,231.97177947365515
80.0,0.8624827586206897,4010.2107622944527,39.88954046587466,1.0317508417018864,3886801.5418136786,0.008625694238023195,0.0011104846324973502,0.8155757042803503,0.0873440584245645,0.022816952471104993,0.06452710595345951,0.008899567290343543,0.0005752970795220915,0.8407156135743968,0.03670518837707279,0.00958852329223905,0.027203066947001923,364.5014573907118,46.926456675333945,34464.30219056467,3690.953529262768,964.1904986929363,2726.7630305698317,4050.101610921088,119488.45756577549,231.97177947365515
80.0,0.8968620689655172,4926.177681139099,39.663451638523476,1.032295197022773,4772062.96740178,0.010590290139226924,0.0009649298018153269,0.8104305144307653,0.08900713324332038,0.02107892594932583,0.06792820729399454,0.010932305645801587,0.0005022034166979917,0.8359505447120097,0.037298098745809395,0.008833043295128936,0.028544370891501702,447.33372911864444,40.75862331523188,34232.575259578305,3759.660246173489,890.373580587851,2869.2866655856383,4965.842274731627,119488.45756577549,231.97177947365515
80.0,0.9312413793103448,5929.755434519021,39.444858397256176,1.0327742938380031,5741579.22974905,0.012741866634150398,0.0008472562298429314,0.8055138293238843,0.09044852390606105,0.019513721718058572,0.07093480218800247,0.013159472315262691,0.00044289690973744474,0.8313434535094306,0.03781077273921187,0.008157445421044544,0.029726323991846413,537.9834939916051,35.77261322257178,34010.17737830967,3818.892028499911,823.902846583279,2994.9891819166314,5969.201300013965,119488.45756577549,231.97177947365515
80.0,0.9656206896551724,7011.576577506442,39.23347482655514,1.0331908123503177,6786332.682882074,0.015060411520967354,0.0007510623628195569,0.8008120290164901,0.0916882485498607,0.018109964829049977,0.07357828372081071,0.015560278813678344,0.0003942500328503779,0.8268883139849855,0.03825088061166114,0.007555189607321006,0.030763070666160842,635.5920858373921,31.696962139038558,33796.53917010442,3869.504167362886,764.291885657474,3105.212281705412,7050.810948813166,119488.45756577549,231.97177947365515
80.0,1.0,8161.9635441070795,39.02886838889767,1.0335491650811772,7897024.9503960665,0.017525289593348137,0.0006715907502730527,0.7963084756184239,0.09274732201897512,0.016853698843070253,0.07589362317590485,0.01811324842701081,0.0003539311067679309,0.8225760099381734,0.038626286565103266,0.007019025315482361,0.03166965358893222,739.2756494403844,28.329956285270914,33590.969343589924,3912.3939353024443,710.9456931549096,3201.448242147534,8200.993217295449,119488.45756577549,231.97177947365515
100.0,0.003,0.0005897750684249933,89.13224433076773,1.0582805178001944,0.557295592713865,1.0199970090306298e-09,0.11158054786078589,0.8877460152874446,0.00033671791588628993,0.00032237284884719525,1.4345067039088083e-05,1.0794429628715845e-09,0.06878183861768356,0.8791086619561825,0.00029866376341207895,0.00028593990315350747,1.6400436462495647e-05,4.262192932897147e-05,4662.541344047727,37095.64595842972,14.07020519436939,13.470777521399329,0.599427672969784,89.57575335279476,16722.840128719974,75.0450238188545
100.0,0.03737931034482759,0.059021992124239926,89.27355006343701,1.0556070344251602,55.91284464713809,1.0233516118214985e-07,0.10404396853335948,0.8875652533653385,0.004195337883070404,0.004000325860392153,0.0001950120226782494,1.0802571601290998e-07,0.06380188914444712,0.8805023561743225,0.002777076995408706,0.0026479900381475804,0.0001639929555942982,0.004276885357376255,4348.301408853976,37093.94495482843,175.33542678857347,167.18530463436696,8.150122154206484,89.74342301945406,16722.840128719974,75.0450238188545
100.0,0.07175862068965518,0.2050936466960407,89.43353237398236,1.053195097409362,194.73471458472275,3.5641557017091567e-07,0.09654228761234637,0.8873497517894996,0.008053802091291959,0.007643510323534264,0.00041029176775769376,3.753751311443708e-07,0.0589087849401051,0.8820802569218709,0.004790952674394824,0.004546883051161062,0.0003055298750840089,0.014897596977742759,4035.312181980056,37089.79092613942,336.63596019958675,319.48642490737535,17.149535292211358,90.01796793984323,16722.840128719974,75.0450238188545
100.0,0.10613793103448277,0.46191796312822464,89.59553362761578,1.0508615205081695,439.5612115522649,8.045122318047638e-07,0.08908380828890133,0.8870912499469203,0.011912068625973294,0.011243676337013033,0.0006683922889602629,8.45430947181775e-07,0.054094146205692466,0.883678070444757,0.006620393227453866,0.006248919563050481,0.0004581003286605245,0.03363082800819286,3723.9486442089496,37082.85850124603,497.9572905724538,470.0166512342568,27.940639338197123,90.40578974197415,16722.840128719974,75.0450238188545
100.0,0.14051724137931035,0.8751389294663466,89.7541523257751,1.0485623165426403,834.6084115934008,1.52755215484749e-06,0.0816793789848173,0.8867789861523672,0.015770053655330324,0.014790039425743737,0.000980014229586591,1.6017336261265862e-06,0.049360873366469216,0.885242521924096,0.008341898867494512,0.007823499896216845,0.0006296400931298812,0.06386091164540098,3414.6916608038255,37072.720760443386,659.2835471642733,618.3130297726015,40.97051739167191,90.9471495925595,16722.840128719974,75.0450238188545
100.0,0.17489655172413793,1.5185047276149786,89.9058041475505,1.0462819112392205,1451.334206682844,2.6563220116481515e-06,0.0743433792124653,0.8863987279873582,0.019627618239082333,0.018268345752527844,0.0013592724865544915,2.779261671214039e-06,0.04471584369295916,0.8867382593098782,0.009992297533232292,0.00930030042237836,0.0008276426394147184,0.11105624264011466,3108.168484205298,37058.8022760744,820.5968719336854,763.7680332541591,56.82883867952631,91.71225563863732,16722.840128719974,75.0450238188545
100.0,0.20927586206896553,2.5099273935884243,90.04720962228673,1.044017542274568,2404.1046169781152,4.400141595904276e-06,0.06709505742624575,0.8859314499925552,0.02348454621980154,0.02165954670655957,0.0018249995132419712,4.593825014616077e-06,0.04016941703787512,0.8881329372810434,0.011593222656448222,0.010692305708473121,0.0010608785703773663,0.1839676091323774,2805.209112087519,37040.32862533736,981.8765431633374,905.5742720202016,76.30227114313571,92.81580715762689,16722.840128719974,75.0450238188545
100.0,0.24365517241379311,4.04062084365324,90.17476989860391,1.0417753274467114,3878.591417169014,7.0988389222656076e-06,0.05996046568651779,0.8853514769641239,0.02734047925942625,0.024937905237811878,0.0024025740216143676,7.395395242734714e-06,0.035736089233501085,0.8893910604739905,0.013158785696449345,0.012002443250133962,0.0013405013605375846,0.2968000990501264,2506.9271679107874,37016.25138062202,1143.0963628184184,1042.645540451706,100.45082236671213,94.44551256003128,16722.840128719974,75.0450238188545
100.0,0.2780344827586207,6.427181270544233,90.28411536651139,1.03956983488523,6182.53921464913,1.131566728609408e-05,0.0529751619152836,0.8846238791939883,0.031194821611720974,0.028068390421260345,0.0031264311904606293,1.1763426372221022e-05,0.03143577982055412,0.8904695315559749,0.01469869151445746,0.013225548049117299,0.001681203809585534,0.4730952905646793,2214.8317890029607,36985.126955972446,1304.2203187298426,1173.50775577749,130.71256295235247,96.91372670007078,16722.840128719974,75.0450238188545
100.0,0.3124137931034483,10.205479729425976,90.36965947071205,1.0374253152997823,9837.315109740653,1.8004865138022205e-05,0.046187791059680045,0.8837010524835542,0.03504657579581391,0.031003256126375004,0.004043319669438899,1.8678702892742745e-05,0.027295654687181998,0.891313250499066,0.016219633373785868,0.014348376020902071,0.0021025748193202157,0.7527314230796578,1930.9781787722923,36944.98935225053,1465.1961384116178,1296.156617959145,169.03952045247254,100.75090901179556,16722.840128719974,75.0450238188545
100.0,0.34679310344827585,16.300238934720078,90.42413746178548,1.0353778839369927,15743.275172866332,2.8814320081864736e-05,0.03966439080493931,0.8825187987361877,0.03889399806939552,0.033678015741810646,0.005215982327584862,2.9833709753444304e-05,0.023352325258127214,0.8918505652968499,0.0177258400631856,0.015348669468735343,0.0026305378585944365,1.2045656561065297,1658.1464632264028,36893.1778645393,1625.9406493007752,1407.8895845240722,218.05106477670236,106.87475321872971,16722.840128719974,75.0450238188545
100.0,0.38117241379310346,26.325823309382255,90.43823474399608,1.0334777374922277,25473.043447711745,4.662234632261581e-05,0.03349223140526304,0.8809930653715108,0.04273404043845172,0.03600814171180742,0.006725898726644299,4.818315699407607e-05,0.019653705685864678,0.8919896063699704,0.019219129666275474,0.016194236199068908,0.003298281181806961,1.9488508548911714,1400.0016934947275,36826.20511464066,1786.31660159565,1505.1687290147756,281.14787258087426,116.89061769030103,16722.840128719974,75.0450238188545
100.0,0.41555172413793107,43.09104869784915,90.40067041041495,1.0317892653676348,41763.42024889706,7.643800578669898e-05,0.02777988612733499,0.8790209259573248,0.046561374952530044,0.037889801228838886,0.008671573723113533,7.886791383682516e-05,0.016258642324484835,0.8916191104705377,0.020698611254300874,0.016843709339297602,0.004145192382701583,3.1948231317232416,1161.095477083877,36739.79139845537,1946.0915576249524,1583.6521659144903,362.43939168631954,133.59641630391422,16722.840128719974,75.0450238188545
100.0,0.4499310344827586,71.35018012942781,90.29934937110258,1.030385340984496,69246.11336304097,0.00012673853775398876,0.022647664656144505,0.87649168074424,0.050366958030930664,0.0392107957538037,0.011156162277126949,0.00013058953143952015,0.013231090056856744,0.8906197840879622,0.0221602604026649,0.017251815048397144,0.005211267519269314,5.296512942793484,946.4654642627884,36629.34426720238,2104.8786724822744,1638.6530165779577,466.22565590431583,161.73473083510066,16722.840128719974,75.0450238188545
100.0,0.4843103448275862,118.68489895017998,90.12417662394027,1.029331929600278,115302.8440459138,0.00021103442696691408,0.01820255070949018,0.8733137775069562,0.05413631867829312,0.03987709181112705,0.014259226867166061,0.00021722447392194264,0.010625765737572197,0.8888920605180545,0.02359675340891868,0.017381490376612428,0.006525107399718406,8.81798972669433,760.5863529607029,36491.0693905137,2262.0645778382004,1666.2484456912534,595.8161321469469,208.87749997587264,16722.840128719974,75.0450238188545
100.0,0.5186896551724138,196.1141409051305,89.8709220292754,1.0286656491926631,190649.06178120093,0.0003489377546381638,0.014502659611085936,0.8694518184545763,0.05784829208984912,0.03984952259358316,0.017998769496265964,0.00035894028190269696,0.008468480407194133,0.886394218019846,0.02499800296929824,0.017220188325910997,0.008088559526150858,14.577747101520464,605.884864276372,36323.52348782396,2416.757032254011,1664.8134366771828,751.9435955768286,286.03959554127164,16722.840128719974,75.0450238188545
100.0,0.5530689655172414,317.90933614696064,89.54374703035809,1.0283773886357879,309136.8398994945,0.0005658014457698405,0.011532668282347875,0.8649508575146178,0.061475336378630153,0.039168131428140796,0.02230720495048935,0.000581857413287142,0.006743329058342111,0.8831673007837405,0.026352491869239845,0.016790113333193572,0.009868113083744683,23.63328864174248,481.714708161186,36128.63386863982,2567.7989687841514,1636.036391422559,931.7625773615921,407.49650670725833,16722.840128719974,75.0450238188545
100.0,0.5874482758620689,500.48492759185143,89.15422569399433,1.0284152708197334,486656.4526924271,0.0008907088673615167,0.00921095411033056,0.8599272437172589,0.0649855466525151,0.0379431677160487,0.027042378936466424,0.0009160186010491322,0.0053979199828749665,0.8793254634847337,0.027648731028040566,0.016143288662976273,0.011801224748072488,37.196768530577856,384.65736734231973,35911.301447396676,2713.852331825467,1584.5393243154056,1129.3130075100623,589.6739130814838,16722.840128719974,75.0450238188545
100.0,0.6218275862068966,760.7893493209959,88.71764258719875,1.0287039557506208,739561.0224574947,0.001353590519581928,0.0074219433054637145,0.8545331876247145,0.06834563927507561,0.03632014047776613,0.032025498797309496,0.0013924439219604675,0.0043622953048680895,0.875019457350484,0.02887623616313209,0.01534536753241815,0.013813120576578262,56.51424542196297,309.8762287448807,35677.922967095976,2853.5234072897856,1516.415269630152,1337.1081376596344,849.5350828198405,16722.840128719974,75.0450238188545
100.0,0.6562068965517242,1114.7007824583811,88.24928571066253,1.0291653229314783,1083111.486192779,0.001982377917226025,0.006048716033490378,0.8489208282642181,0.07152403889237816,0.03444438392946291,0.03707965496291526,0.0020401946093541535,0.0035673079727496252,0.8704000674748988,0.030026052029024048,0.014459877825550818,0.015832692979146003,82.74662309659277,252.48002486928382,35434.88413829896,2985.491634640148,1437.746269285463,1547.7453653546852,1202.9730397759781,16722.840128719974,75.0450238188545
100.0,0.6905862068965517,1575.6207350016216,87.76232813796874,1.0297310154488934,1530128.4620574068,0.0028005361519744224,0.004991182963779713,0.8432212028448233,0.07449353901930127,0.03244059044493531,0.042052948574365964,0.0028837989355739585,0.002954498656712745,0.8655972194890269,0.031091111453753987,0.013539617347052588,0.01780124158981636,116.86661969498486,208.28250363591755,35187.694885544784,3108.6219287562003,1353.7486897057704,1754.8732390504304,1663.4020885734326,16722.840128719974,75.0450238188545
100.0,0.7249655172413794,2153.36190747146,87.26716789415642,1.030346837004851,2089938.87313824,0.0038251359377829406,0.0041707889630415995,0.8375371184667565,0.07723347831620946,0.03040603794612801,0.046827440370081456,0.003941216714608237,0.0024783354775143266,0.8607134688030647,0.032066617497237736,0.012624302435700995,0.019675136645816497,159.578372585082,173.9984476221687,34940.669434610885,3222.0535372474656,1268.489834381069,1953.5637028663969,2240.645034556378,16722.840128719974,75.0450238188545
100.0,0.7593448275862069,2853.43330119717,86.77152507400896,1.030972667086766,2767709.9425537307,0.005065634647354186,0.0035284356955204584,0.8319434854532743,0.0797312221019254,0.028411421131079233,0.05131980097084618,0.005222530862869875,0.0021047323353696333,0.8558249584811316,0.032950357542478825,0.011741529351729223,0.02142518617429324,211.26690802370294,147.1566252695346,34696.96100447699,3325.2632570378782,1184.9242025493281,2140.3390544885506,2940.218379652126,16722.840128719974,75.0450238188545
100.0,0.7937241379310345,3676.8490050222113,86.2808330141128,1.0315805659576316,3564286.8103170893,0.006523579108434434,0.0030203979040875997,0.8264908696285176,0.08198257667948018,0.02650446522142301,0.055478111458057186,0.006729597428748175,0.0018085467310553973,0.8509852773595945,0.03374275630878341,0.010908826573695003,0.023034681461774446,271.98613196397156,125.92877763415714,34458.6998942283,3418.0813245081877,1105.0447699834015,2313.036554524787,3763.141484136113,16722.840128719974,75.0450238188545
100.0,0.8281034482758621,4620.480175645645,85.79866986458131,1.0321524690451633,4476548.101386643,0.008193256386544757,0.0026144260025966993,0.8212097873761435,0.08399126511735758,0.024714342996778056,0.05927692212057952,0.008456689808892224,0.0015712649900758977,0.8462297166260825,0.034446664879274606,0.010135895556900315,0.024496995753514873,341.48647053302534,108.96657763117054,34227.17642753013,3500.6692488755025,1030.0683102474554,2470.600938628047,4706.288963639084,16722.840128719974,75.0450238188545
100.0,0.8624827586206897,5677.830430277971,85.32718017640187,1.0326779099272143,5498161.988066712,0.010063077577348341,0.0022866523363539453,0.8161152110168786,0.08576752953470958,0.02305598226805646,0.06271154726665311,0.0103919179200115,0.0013791917882538629,0.84157942792289,0.03506688355373958,0.009426661229455433,0.02581310273508191,419.27311370266204,95.27223035392865,34003.033667689975,3573.461387552804,960.6160144050705,2612.845373147733,5763.166491731764,16722.840128719974,75.0450238188545
100.0,0.8968620689655172,6840.047485062075,84.86744001816449,1.0331519983008621,6620562.60483583,0.01211736490171704,0.0020193006307280925,0.8112106588219451,0.08732633782280481,0.021533951363217833,0.065792386459587,0.01251907976234969,0.001222122510519082,0.83704502448236,0.03560956968897505,0.008781024841594298,0.026989270332347895,504.6808953095545,84.10264595321333,33786.43169530202,3637.0889804822764,896.8760074231326,2740.2129730591446,6924.92279491322,16722.840128719974,75.0450238188545
100.0,0.9312413793103448,8096.9001608420085,84.41978182062442,1.0335737022658673,7833887.552567841,0.014338067584187951,0.0017990448040413102,0.8064919185646657,0.08868548452355249,0.02014581549929086,0.06853966902426163,0.014819449596327361,0.0010923985922671078,0.8326297850590965,0.0360816204001505,0.00819630936676946,0.028035029338758337,596.9462699705662,74.90082460391831,33577.2125303348,3692.3015515179945,838.7440878768881,2853.5574636411066,8181.326977141088,16722.840128719974,75.0450238188545
100.0,0.9656206896551724,9437.65362707463,83.98404184116454,1.0339444951553394,9127814.56963679,0.016706293180387643,0.00161581916981063,0.8019499182102742,0.08986398471976374,0.018884738668991728,0.07097924605077202,0.01727337986831299,0.0009842258083850523,0.8283320946645603,0.03649016071806346,0.00766833510998963,0.02896160895854225,695.2711653968695,67.24606500882511,33375.007142730145,3739.8982951325693,785.9322304973787,2953.966064635191,9521.644006817813,16722.840128719974,75.0450238188545
100.0,1.0,10851.711889708873,83.55975299544666,1.0342673389253743,10492173.040080788,0.019203426797256205,0.0014619665111978428,0.7975729441056921,0.09088083129292687,0.01774146028605836,0.07313937100686851,0.019861477131846397,0.0008931877821603372,0.8241473464598836,0.03684215528774733,0.007192205722498003,0.029780779018283878,798.8699509844021,60.818369943656684,33179.34166079342,3780.6775846264904,738.0515810407454,3042.6260035857454,10935.277394368826,16722.840128719974,75.0450238188545
120.0,0.003,0.0032241299111858634,174.9430894657057,1.0435005728934434,3.089725099283779,4.990727986297837e-09,0.11159381526360812,0.8877327518580274,0.00033671394381828545,0.0003091089724195589,2.7604971398726663e-05,5.207827512857134e-09,0.07711490200676861,0.8813033132566819,0.0002927592948403399,0.00026875787728948146,3.117384996791841e-05,0.00020485033242319663,4580.500122604493,36438.0406666835,13.820822034796624,12.687743337041987,1.1330786977546405,176.1759182594355,2540.613965042951,25.785812939413763
120.0,0.03737931034482759,0.31377127289349144,175.15527138439882,1.0418640288383045,301.163361252958,4.86458946072929e-07,0.10422226490856841,0.8873873443370517,0.0041949521477169715,0.003822372106619875,0.0003725800410970967,5.068240774199773e-07,0.07177566339445304,0.8823722130259068,0.0026981879530360207,0.0024585449385198803,0.000306757299442723,0.01997173722553511,4278.8804782140505,36431.988765827096,172.2251849703619,156.92878486025944,15.29640011010248,176.61351263860342,2540.613965042951,25.785812939413763
120.0,0.07175862068965518,1.0717843996690612,175.4011008992733,1.0405097081613883,1030.0570876584513,1.6638162197838046e-06,0.0969119272346536,0.8869814406278737,0.008052484160626526,0.007275041889714204,0.0007774422709123244,1.7312169292814309e-06,0.06653424818698615,0.883610617850109,0.004642346257784353,0.004194142182492837,0.0005653286142519965,0.06832193623669143,3979.5323752531026,36422.46584035625,330.6623068266403,298.73789075869126,31.924416067949092,177.53378040151543,2540.613965042951,25.785812939413763
120.0,0.10613793103448277,2.374236156845919,175.64604719683456,1.039252057661558,2284.5623824774943,3.6901760034627923e-06,0.08967537067842225,0.8865026419743192,0.011909148585627546,0.010654710101964712,0.0012544384836628327,3.8350230047320115e-06,0.06138359320222299,0.8848445733282589,0.006405826508338746,0.005731075057053179,0.0008384804243069095,0.1515568518573748,3682.999633733283,36408.9814292859,489.11300334881645,437.5927649498148,51.52023839900155,178.99905075815406,2540.613965042951,25.785812939413763
120.0,0.14051724137931035,4.418290341501449,175.87832963965155,1.0380470753325537,4256.348721069321,6.8751354891112425e-06,0.08252837577511714,0.8859355056152763,0.01576462174194091,0.013945874339082138,0.001818747402858773,7.136714286986971e-06,0.056330051607862766,0.8860147326474478,0.008064501896201037,0.007134109012745814,0.001138892367349642,0.2824048978995281,3389.9575610543634,36390.92297236918,647.5518046893095,572.8444515872749,74.7073531020347,181.19480817004666,2540.613965042951,25.785812939413763
120.0,0.17489655172413793,7.510722051512207,176.0898206629762,1.036879364153598,7243.583305029139,1.1700314027894818e-05,0.07549074036893196,0.8852607658959438,0.019618396710548085,0.017129191030175156,0.002489205680372931,1.2131814169641002e-05,0.051384826589343006,0.8870801519226492,0.009654514522203428,0.008429538152091055,0.001476977551024896,0.4806621862533742,3101.2453359036354,36367.51749785651,805.9460140297372,703.6866181272115,102.25939590252565,184.41987880621062,2540.613965042951,25.785812939413763
120.0,0.20927586206896553,12.115518264482928,176.273077781738,1.0357459099683808,11697.384607439899,1.8894387963632234e-05,0.06858724877917322,0.8844544362544698,0.023469710289196668,0.020180564455181422,0.0032891458340152456,1.956978505468789e-05,0.04656315065220561,0.8880033384654039,0.011196748846601129,0.00962758845350223,0.0018635107567944137,0.7762756936773283,2817.9062600997254,36337.799475217376,964.2527543215366,829.1182387806988,135.1345155408378,189.13105004297265,2540.613965042951,25.785812939413763
120.0,0.24365517241379311,18.933600812606915,176.42027627554947,1.0346514307500707,18299.497057555956,2.9558555912139205e-05,0.06184879566102232,0.8834868351619354,0.027317405310565222,0.023070128340518144,0.004247276970047078,3.058280216540079e-05,0.04188450137975804,0.8887448740167574,0.012704455189771506,0.010729181940681396,0.0023106412168888367,1.2144974631893715,2541.233937642429,36300.573115099876,1122.4134071100584,947.901935003047,174.51147210701134,196.02172956411164,2540.613965042951,25.785812939413763
120.0,0.2780344827586207,29.02767411910444,176.52265848782085,1.0336068137801677,28083.864901144392,4.53629128876348e-05,0.05531355817047571,0.8823216551744839,0.031159711871076377,0.025761282455986863,0.005398429415089512,4.688741585357551e-05,0.037373091733707155,0.8892606405049844,0.014186311543702408,0.011728528819458574,0.002832407461424322,1.8639500440561114,2272.8194162518685,36254.36250330461,1280.3442860632583,1058.5242549948223,221.82003106843592,206.14625021430362,2540.613965042951,25.785812939413763
120.0,0.3124137931034483,44.01263284483603,176.57024805151602,1.0326285227156062,42621.94184709499,6.884577467942526e-05,0.04902782356143845,0.8809154263858803,0.03499395213900089,0.02821014091585008,0.006783811223150803,7.109211060242639e-05,0.03305820687662983,0.8895003804129115,0.0156477971144416,0.012614367187439177,0.0034448828736125974,2.8289189597951774,2014.586084277087,36197.40446357156,1437.924914711862,1159.1735711733038,278.7513435385579,221.1099972421579,2540.613965042951,25.785812939413763
120.0,0.34679310344827585,66.33580787878887,176.55185179757444,1.0317380815294657,64295.201530655715,0.00010385385474522808,0.04304602495117169,0.8792180457924014,0.038816037700840814,0.03036591955387227,0.008450118146968548,0.00010714997685428141,0.02897404952602343,0.8894077063918928,0.017091766904182862,0.013370947927400399,0.004165777158028436,4.267424886457816,1768.7901772192492,36127.66207322409,1594.9771501944563,1247.7561003610674,347.221049833389,243.34965373328092,2540.613965042951,25.785812939413763
120.0,0.38117241379310346,99.66660213478832,176.45546978312905,1.0309609743880783,96673.49648607725,0.00015615341460577565,0.0374290606932565,0.8771751392121416,0.042619823339997906,0.032173235793890406,0.010446587546107512,0.00016098807647599604,0.025158486145772728,0.8889221668434117,0.018518642718389357,0.013979519671129205,0.005013183801083568,6.416308048779537,1537.951533052911,36042.925607007535,1751.2387815813795,1321.9908914626164,429.24789011876345,276.52322644310556,2540.613965042951,25.785812939413763
120.0,0.41555172413793107,149.38918078001606,176.26932302343678,1.0303243035095389,144992.38761151236,0.00023420127791325463,0.032239881433847616,0.8747334105108899,0.046396253388674286,0.033577220193551964,0.012819033195122325,0.00024130326854701801,0.02165005435780468,0.8879844232802346,0.019926408095619682,0.014420849603699357,0.00600315215264464,9.622856466272566,1324.671471871603,35941.02530353011,1906.3281418019842,1379.6200146211625,526.7081271808219,326.0037160402258,2540.613965042951,25.785812939413763
120.0,0.4499310344827586,223.132002326545,175.9835206540297,1.0298529431298657,216663.9458721327,0.0003499699110889924,0.02753600504954289,0.8718491181361375,0.050132453451614344,0.03453190452995378,0.015600548921660566,0.0003604175429418962,0.01848307148399391,0.8865446489178156,0.021310599066393057,0.014679025696339826,0.00714604665311108,14.378623452836203,1131.3253952911803,35820.194194292046,2059.7075580143314,1418.7541174625032,640.9534405518284,399.41023736530434,2540.613965042951,25.785812939413763
120.0,0.4843103448275862,331.18263689087905,175.5921688758802,1.029564493192603,321672.5509481271,0.0005195867434331856,0.023359727670731856,0.8684986979447429,0.053810993820543204,0.03501060790435955,0.01880038591618365,0.0005349480621723827,0.01568138622264258,0.8845731528170813,0.022664455084313744,0.014745989508559251,0.008442389213338309,21.34555878840454,959.6596652601976,35679.48999648835,2210.6524975392904,1438.2987993541574,772.3536981851331,507.0248470056473,2540.613965042951,25.785812939413763
120.0,0.5186896551724138,486.5647995861185,175.09521311583714,1.0294645532855795,472638.7110981414,0.0007634372531821754,0.019729238495981065,0.8646880013539522,0.05740966144843316,0.03501505107604385,0.022394610372389306,0.0007859315908087581,0.013252883149289425,0.8820696600572042,0.023979338205604613,0.014625373688941878,0.00987965168855765,31.360058107730946,810.4268727735358,35519.180986373685,2358.2426865648526,1438.3291250366506,919.9135615282022,661.8713312215328,2540.613965042951,25.785812939413763
120.0,0.5530689655172414,704.5845806597559,174.49917065227575,1.0295442765584866,684365.4971450197,0.0011054323377345176,0.016634307803396944,0.8604558454214151,0.060902207218698004,0.03457905308919357,0.02632315412950443,0.0011380915364372405,0.011187054363133397,0.879067002452479,0.025245481256158556,0.014333878466574409,0.011431733573381269,45.40264430544067,683.2092156926094,35340.897273070485,2501.393488663132,1420.241107696502,1081.1523809666298,879.2621299893215,2540.613965042951,25.785812939413763
120.0,0.5874482758620689,1001.798595665322,173.81634744427618,1.0297814149602975,972826.4475465884,0.0015713735110955062,0.014038769284621977,0.8558698524120091,0.06426000239613668,0.03376449924266533,0.03049550315347134,0.0016181712376870613,0.009456957889285956,0.8756271732061998,0.02645289734288278,0.013899296591899393,0.013061791422237682,64.53056894766489,576.5209626259235,35147.4478418544,2638.923518769291,1386.5846222921132,1252.3388964771777,1175.7657352291963,2540.613965042951,25.785812939413763
120.0,0.6218275862068966,1394.549216270907,173.06282481459266,1.0301444295464997,1353741.4524338439,0.0021866525777452478,0.011888511387187427,0.8510159665709793,0.06745443473204404,0.03265127434561191,0.03480316038643213,0.002252567972317761,0.008024621355369951,0.8718311845096347,0.027592307908093798,0.01335603832297458,0.014727453268976525,89.78312880641587,488.1377865216341,34942.39410530647,2769.6536083276505,1340.6489901969373,1429.0046181307127,1567.7399944588058,2540.613965042951,25.785812939413763
120.0,0.6562068965517242,1897.3735533147467,172.2560474591539,1.0305978407823997,1841041.653914511,0.002973772038250615,0.010121144609600535,0.8459858309688026,0.07045962619167312,0.03132509433470313,0.039134531856969974,0.0030647630416001594,0.00684736434124194,0.8677669167607333,0.028655975807003152,0.01273993624328124,0.01638660757536192,122.07969776026663,415.4946172857437,34729.526414840715,2892.5182425351436,1285.9620708997054,1606.5561716354377,2069.738782668836,2540.613965042951,25.785812939413763
120.0,0.6905862068965517,2521.5821375916526,171.41276604196796,1.0311070724200802,2445509.496577627,0.0039501484090465775,0.008674250171704218,0.8408659634252207,0.07325481899701422,0.029867211189667515,0.043387607807346705,0.004073025961676854,0.005883079542396834,0.8635187540625466,0.029638308439990758,0.012084032553787203,0.018002013671345032,162.12956245495513,356.0252019246707,34512.43260156402,3006.6646925221407,1225.8673296528887,1780.7973628692519,2693.0887099130127,2540.613965042951,25.785812939413763
120.0,0.7249655172413794,3274.3005335419575,170.5476979505351,1.0316417562070928,3173873.598893648,0.0051266501989585345,0.007490561685362831,0.8357306680851934,0.07582606001524259,0.02834760203642548,0.04747845797881711,0.005288866414713024,0.005093465276475559,0.8591608375680979,0.03053620557707697,0.01141597233493927,0.019544122559855194,210.3719470857099,307.3749886105972,34294.1845183897,3111.5202454197124,1163.2430542706309,1948.2771911490815,3444.9294472950933,2540.613965042951,25.785812939413763
120.0,0.7593448275862069,4158.098258358309,169.672870703164,1.032177443113583,4028472.319464123,0.006507054479195009,0.006520427325074077,0.8306386140258629,0.0781669520849341,0.02682191506979747,0.05134503701513662,0.006716434854536293,0.0044454936733208765,0.8547537577915256,0.031349126035937876,0.010757021651997694,0.02099206739001069,266.9540100368793,267.5026353548994,34077.217213203905,3206.8244361794905,1100.3777220006975,2106.4467141787923,4327.84201289341,2540.613965042951,25.785812939413763
120.0,0.7937241379310345,5171.210414223048,168.7975377672567,1.0326959512166245,5007485.899533968,0.008088421855261192,0.005722336392453751,0.8256325891925493,0.08027832627986795,0.025331139739846582,0.05494718654002135,0.008352880501660291,0.003911645711341406,0.8503441305294609,0.03207884894977289,0.010122206616605917,0.022333282040203736,331.74650048721446,234.70154089111378,33863.30820204003,3292.614342437381,1038.9563146462945,2253.658027791086,5340.070323564212,2540.613965042951,25.785812939413763
120.0,0.8281034482758621,6308.219973983799,167.9283992948153,1.0331848900330733,6105606.106746188,0.00986217811976628,0.005062396939952298,0.8207409775455469,0.08216722369736727,0.023903094301078162,0.05826412939628909,0.010189453416157306,0.0034694966760903173,0.8459657088508408,0.03272905790279099,0.009521141426382732,0.023562287269757735,404.38848937307455,207.57838950922334,33653.64121856782,3369.1826555395137,980.1218431029736,2389.0608124365394,6476.203694742858,2540.613965042951,25.785812939413763
120.0,0.8624827586206897,7560.993015731085,167.07001188227224,1.0336367073148798,7314942.437921551,0.011815578010987248,0.004513349518056564,0.8159803150398353,0.08384537871556048,0.022554735887123013,0.061290642828437464,0.012213015150298955,0.003101025822921616,0.8416414473264646,0.03330480256899167,0.008959122580443122,0.024679102251807316,484.34779782531047,185.01260775002658,33448.91534640419,3437.0154808294214,924.5706513300529,2512.4448294993686,7728.112473773765,2540.613965042951,25.785812939413763
120.0,0.8968620689655172,8919.684937369962,166.22522777903225,1.0340476075405471,8625990.59494486,0.013933269559066128,0.004053463515465984,0.8113579911546204,0.0853276378854238,0.021294671933619495,0.06403296595180431,0.014407664052769864,0.002791868484395554,0.8373857146110668,0.03381196947424157,0.008438236604537817,0.02568765365218068,570.9853676525815,166.11092937182772,33249.44937822129,3496.7264849357116,872.6556269879405,2624.0708579477714,9085.954681765366,2540.613965042951,25.785812939413763
120.0,0.9312413793103448,10373.593763344545,165.39564074276362,1.03441651032959,10028449.52662183,0.016198613825964207,0.0036655141994436312,0.8068749321780684,0.08663046989826195,0.02012553368054836,0.06650493621771358,0.016756113586030543,0.002530633092573845,0.8332065395094308,0.03425680089221462,0.007958359234964008,0.02659433730909302,663.6097319359866,150.1653734964294,33055.301101770856,3548.9964465062612,824.4841289697449,2724.512317536516,10539.029755279777,2540.613965042951,25.785812939413763
120.0,0.9656206896551724,11911.87724754255,164.5819425501103,1.0347441756949327,11511905.577571955,0.018594789987926272,0.003335869120408243,0.8025277191151402,0.08777081088826258,0.019045898327159194,0.0687249125611034,0.019240850638277157,0.0023082958770728112,0.8291074069551443,0.03464553523040318,0.007517936029192047,0.027406911153122535,761.5222567441319,136.6156102018795,32866.341601981076,3594.5243816838724,779.996734850731,2814.5276468331417,12076.495996096455,2540.613965042951,25.785812939413763
120.0,1.0,13524.042365199755,163.7842153207004,1.035032518913375,13066297.066103747,0.02110554575233943,0.0030537375918539274,0.7983102782883726,0.08876521918371706,0.018051808160485516,0.07071341102323153,0.021844926183085363,0.0021177059967360445,0.8250887306387423,0.03498415252291469,0.007114579514457703,0.02813366898651611,864.0482267500014,125.01816262717273,32682.338018902472,3633.99417066789,739.0300641228292,2894.96410654506,13687.860347549946,2540.613965042951,25.785812939413763
