kind,source,row,species,observed,predicted,unit
vle,Aronu_2011_VLE,0,CO2,0.0017,0.002762423706566313,kPa
vle,Aronu_2011_VLE,1,CO2,0.0035,0.005552955012899896,kPa
vle,Aronu_2011_VLE,2,CO2,0.0068,0.010324552195892088,kPa
vle,Aronu_2011_VLE,3,CO2,0.017,0.017233809434253372,kPa
vle,Aronu_2011_VLE,4,CO2,0.0215,0.02177622932222496,kPa
vle,Aronu_2011_VLE,5,CO2,0.0427,0.051276022936676,kPa
vle,Aronu_2011_VLE,6,CO2,0.045,0.053591014729881335,kPa
vle,Aronu_2011_VLE,7,CO2,0.0845,0.10443819442476798,kPa
vle,Aronu_2011_VLE,8,CO2,0.222,0.26653438557269726,kPa
vle,Aronu_2011_VLE,9,CO2,0.6634,0.6173362265693085,kPa
vle,Aronu_2011_VLE,10,CO2,0.7013,0.7270462739491451,kPa
vle,Aronu_2011_VLE,11,CO2,4.8405,3.01496470897784,kPa
vle,Aronu_2011_VLE,12,CO2,7.8861,3.9807132564212577,kPa
vle,Aronu_2011_VLE,13,CO2,16.0024,8.234101028256688,kPa
vle,Aronu_2011_VLE,19,CO2,0.0151,0.03250331227665198,kPa
vle,Aronu_2011_VLE,20,CO2,0.0234,0.03810298613116199,kPa
vle,Aronu_2011_VLE,21,CO2,0.0417,0.0633306622474434,kPa
vle,Aronu_2011_VLE,22,CO2,0.0965,0.1426247092370848,kPa
vle,Aronu_2011_VLE,23,CO2,0.1462,0.1970292115189746,kPa
vle,Aronu_2011_VLE,24,CO2,1.7998,2.1221986598157354,kPa
vle,Aronu_2011_VLE,25,CO2,5.409,6.407216027274071,kPa
vle,Aronu_2011_VLE,26,CO2,8.2297,7.905322084747339,kPa
vle,Aronu_2011_VLE,27,CO2,0.0603,0.10865933251208318,kPa
vle,Aronu_2011_VLE,28,CO2,0.1315,0.24807202057667355,kPa
vle,Aronu_2011_VLE,29,CO2,0.3544,0.6543037663903253,kPa
vle,Aronu_2011_VLE,30,CO2,0.525,1.0005080131938013,kPa
vle,Aronu_2011_VLE,31,CO2,3.6374,5.665333067720751,kPa
vle,Aronu_2011_VLE,32,CO2,6.3092,9.270869469908131,kPa
vle,Aronu_2011_VLE,33,CO2,0.0016,0.001325441085383577,kPa
vle,Aronu_2011_VLE,34,CO2,0.0123,0.008325043013957967,kPa
vle,Aronu_2011_VLE,35,CO2,0.0246,0.016266832139884266,kPa
vle,Aronu_2011_VLE,36,CO2,0.0603,0.06458062477669323,kPa
vle,Aronu_2011_VLE,37,CO2,0.0851,0.08550495623277517,kPa
vle,Aronu_2011_VLE,38,CO2,0.1835,0.2198652895937333,kPa
vle,Aronu_2011_VLE,39,CO2,0.2928,0.31596627540084,kPa
vle,Aronu_2011_VLE,40,CO2,0.3188,0.3476211118478469,kPa
vle,Aronu_2011_VLE,41,CO2,0.3809,0.4689235642975412,kPa
vle,Aronu_2011_VLE,42,CO2,0.5702,0.6827892440362464,kPa
vle,Aronu_2011_VLE,43,CO2,1.0662,1.1224811968019723,kPa
vle,Aronu_2011_VLE,44,CO2,1.8326,1.6357037760170232,kPa
vle,Aronu_2011_VLE,45,CO2,1.8278,1.689236970805435,kPa
vle,Aronu_2011_VLE,46,CO2,2.3193,2.193668189675317,kPa
vle,Aronu_2011_VLE,47,CO2,2.8577,2.504731093892034,kPa
vle,Aronu_2011_VLE,48,CO2,8.5583,6.146873866587877,kPa
vle,Aronu_2011_VLE,49,CO2,11.812,7.941856787963865,kPa
vle,Aronu_2011_VLE,51,CO2,0.0154,0.011192828056299432,kPa
vle,Aronu_2011_VLE,52,CO2,0.0427,0.03210317846250608,kPa
vle,Aronu_2011_VLE,53,CO2,0.1348,0.11315561490814986,kPa
vle,Aronu_2011_VLE,54,CO2,0.3015,0.2743545542990941,kPa
vle,Aronu_2011_VLE,55,CO2,0.6436,0.6946852012053091,kPa
vle,Aronu_2011_VLE,56,CO2,1.097,1.2724867011103296,kPa
vle,Aronu_2011_VLE,57,CO2,2.5014,2.6242152474423834,kPa
vle,Aronu_2011_VLE,58,CO2,13.558,12.29374476599805,kPa
vle,Aronu_2011_VLE,62,CO2,0.1406,0.1044712103031748,kPa
vle,Aronu_2011_VLE,63,CO2,0.2485,0.18732520102828126,kPa
vle,Aronu_2011_VLE,64,CO2,0.6137,0.48042834148543345,kPa
vle,Aronu_2011_VLE,65,CO2,1.2538,1.0646941257136624,kPa
vle,Aronu_2011_VLE,66,CO2,3.7522,3.320808706377843,kPa
vle,Aronu_2011_VLE,67,CO2,7.9387,8.052460024670168,kPa
vle,Aronu_2011_VLE,68,CO2,8.3031,7.772128598837976,kPa
vle,Aronu_2011_VLE,69,CO2,0.0035,0.0015878555833263913,kPa
vle,Aronu_2011_VLE,70,CO2,0.0035,0.0017997324084044295,kPa
vle,Aronu_2011_VLE,71,CO2,0.0077,0.003945636555744601,kPa
vle,Aronu_2011_VLE,72,CO2,0.0099,0.005589550435301594,kPa
vle,Aronu_2011_VLE,73,CO2,0.0123,0.0072943657556731436,kPa
vle,Aronu_2011_VLE,74,CO2,0.0164,0.014144341162677217,kPa
vle,Aronu_2011_VLE,75,CO2,0.0178,0.01305796947546619,kPa
vle,Aronu_2011_VLE,76,CO2,0.0364,0.020916398465070863,kPa
vle,Aronu_2011_VLE,77,CO2,0.0598,0.05458758526959522,kPa
vle,Aronu_2011_VLE,78,CO2,0.1087,0.11544612672277024,kPa
vle,Aronu_2011_VLE,79,CO2,0.1781,0.16056282190677854,kPa
vle,Aronu_2011_VLE,80,CO2,0.2787,0.30417583426346917,kPa
vle,Aronu_2011_VLE,81,CO2,0.9173,1.026642480077713,kPa
vle,Aronu_2011_VLE,82,CO2,2.1609,1.6158981077730183,kPa
vle,Aronu_2011_VLE,83,CO2,5.4871,4.430370410531785,kPa
vle,Aronu_2011_VLE,86,CO2,0.0099,0.008953371193880998,kPa
vle,Aronu_2011_VLE,87,CO2,0.0205,0.021350460724270916,kPa
vle,Aronu_2011_VLE,88,CO2,0.0787,0.057474277885323784,kPa
vle,Aronu_2011_VLE,89,CO2,0.1284,0.10167986437734178,kPa
vle,Aronu_2011_VLE,90,CO2,0.4279,0.40750600168497164,kPa
vle,Aronu_2011_VLE,91,CO2,1.4259,0.9065751570301038,kPa
vle,Aronu_2011_VLE,92,CO2,4.6349,4.529857815907844,kPa
vle,Aronu_2011_VLE,93,CO2,6.2928,5.4772507029697275,kPa
vle,Aronu_2011_VLE,94,CO2,8.29,7.891688072333896,kPa
vle,Aronu_2011_VLE,101,CO2,0.0529,0.05017581892396921,kPa
vle,Aronu_2011_VLE,102,CO2,0.1236,0.08245867061714765,kPa
vle,Aronu_2011_VLE,103,CO2,0.3981,0.41310921349807805,kPa
vle,Aronu_2011_VLE,104,CO2,4.5002,5.236919244108043,kPa
vle,Aronu_2011_VLE,105,CO2,11.249,14.425247487418533,kPa
vle,Hilliard_2008_VLE,0,CO2,0.00555,0.0031459822997363003,kPa
vle,Hilliard_2008_VLE,1,CO2,0.014,0.014303125498541588,kPa
vle,Hilliard_2008_VLE,2,CO2,0.0362,0.05214875369223447,kPa
vle,Hilliard_2008_VLE,3,CO2,0.116,0.1556882558273396,kPa
vle,Hilliard_2008_VLE,4,CO2,0.879,1.0868650165534346,kPa
vle,Hilliard_2008_VLE,5,CO2,8.56,7.524940279823508,kPa
vle,Hilliard_2008_VLE,6,CO2,0.0212,0.04611504405481006,kPa
vle,Hilliard_2008_VLE,7,CO2,0.078,0.11519177149518324,kPa
vle,Hilliard_2008_VLE,8,CO2,0.244,0.40164855975162667,kPa
vle,Hilliard_2008_VLE,9,CO2,0.794,1.2029096867732227,kPa
vle,Hilliard_2008_VLE,10,CO2,4.32,6.504659167653667,kPa
vle,Hilliard_2008_VLE,11,CO2,14.8,10.75861439014053,kPa
vle,Hilliard_2008_VLE,12,CO2,0.0057,0.003533661065329658,kPa
vle,Hilliard_2008_VLE,13,CO2,0.00664,0.004187258537896603,kPa
vle,Hilliard_2008_VLE,14,CO2,0.00721,0.0047024094872553275,kPa
vle,Hilliard_2008_VLE,15,CO2,0.00995,0.0065894796761446495,kPa
vle,Hilliard_2008_VLE,16,CO2,0.00985,0.006907622755938202,kPa
vle,Hilliard_2008_VLE,17,CO2,0.0146,0.012384485107254942,kPa
vle,Hilliard_2008_VLE,18,CO2,0.0191,0.015310337498683203,kPa
vle,Hilliard_2008_VLE,19,CO2,0.0231,0.021718107799186617,kPa
vle,Hilliard_2008_VLE,20,CO2,0.0224,0.02273890774061117,kPa
vle,Hilliard_2008_VLE,21,CO2,0.0485,0.053620944293802486,kPa
vle,Hilliard_2008_VLE,22,CO2,0.0662,0.07821327238410397,kPa
vle,Hilliard_2008_VLE,23,CO2,0.0721,0.08103880234385502,kPa
vle,Hilliard_2008_VLE,24,CO2,0.0966,0.09710444670309319,kPa
vle,Hilliard_2008_VLE,25,CO2,0.131,0.14797249841796106,kPa
vle,Hilliard_2008_VLE,26,CO2,0.12,0.1603950218187526,kPa
vle,Hilliard_2008_VLE,27,CO2,0.113,0.1705476611520739,kPa
vle,Hilliard_2008_VLE,28,CO2,0.128,0.21514222560914417,kPa
vle,Hilliard_2008_VLE,29,CO2,0.75,1.1224811968019752,kPa
vle,Hilliard_2008_VLE,30,CO2,0.574,1.1935403192600775,kPa
vle,Hilliard_2008_VLE,31,CO2,0.883,1.9235434039388186,kPa
vle,Hilliard_2008_VLE,32,CO2,1.1,2.67733534897128,kPa
vle,Hilliard_2008_VLE,33,CO2,1.87,3.7417480969355603,kPa
vle,Hilliard_2008_VLE,34,CO2,3.03,6.55821370662686,kPa
vle,Hilliard_2008_VLE,35,CO2,28.3,45.74447986093167,kPa
vle,Hilliard_2008_VLE,36,CO2,0.0194,0.01348714234409178,kPa
vle,Hilliard_2008_VLE,37,CO2,0.0589,0.050986622682688394,kPa
vle,Hilliard_2008_VLE,38,CO2,0.209,0.22831148835763546,kPa
vle,Hilliard_2008_VLE,39,CO2,0.763,1.1130007352373328,kPa
vle,Hilliard_2008_VLE,40,CO2,4.86,10.510383836562601,kPa
vle,Hilliard_2008_VLE,41,CO2,25.8,46.93876433662924,kPa
vle,Hilliard_2008_VLE,42,CO2,50.2,75.06142603041526,kPa
vle,Hilliard_2008_VLE,43,CO2,0.00505,0.0011869900606423923,kPa
vle,Hilliard_2008_VLE,44,CO2,0.0108,0.0053067473958661624,kPa
vle,Hilliard_2008_VLE,45,CO2,0.0295,0.024316047997497012,kPa
vle,Hilliard_2008_VLE,46,CO2,0.104,0.09356681615363091,kPa
vle,Hilliard_2008_VLE,47,CO2,1.62,2.4470930356123324,kPa
vle,Hilliard_2008_VLE,48,CO2,22.3,25.87993529656488,kPa
vle,Hilliard_2008_VLE,49,CO2,0.0155,0.014545322531928029,kPa
vle,Hilliard_2008_VLE,50,CO2,0.0731,0.061595117077942914,kPa
vle,Hilliard_2008_VLE,51,CO2,0.199,0.1695053206682603,kPa
vle,Hilliard_2008_VLE,52,CO2,0.847,1.703081090997379,kPa
vle,Hilliard_2008_VLE,53,CO2,6.98,6.314681363783767,kPa
vle,Hilliard_2008_VLE,54,CO2,26.5,21.28990245922289,kPa
vle,Idris_2014_VLE,0,CO2,0.021,0.014410443504999787,kPa
vle,Idris_2014_VLE,1,CO2,0.038,0.04935373106595423,kPa
vle,Idris_2014_VLE,2,CO2,0.043,0.05733888306622062,kPa
vle,Idris_2014_VLE,3,CO2,0.05,0.07418812162992533,kPa
vle,Idris_2014_VLE,4,CO2,0.064,0.08398485944807016,kPa
vle,Idris_2014_VLE,5,CO2,0.097,0.08864362528358545,kPa
vle,Idris_2014_VLE,6,CO2,0.107,0.12891098387297933,kPa
vle,Idris_2014_VLE,7,CO2,0.123,0.13403851193366328,kPa
vle,Idris_2014_VLE,8,CO2,0.445,0.5069783380124052,kPa
vle,Idris_2014_VLE,9,CO2,0.813,0.9945747693624362,kPa
vle,Idris_2014_VLE,10,CO2,0.0343,0.003381364551601407,kPa
vle,Idris_2014_VLE,11,CO2,0.0405,0.010046405475399253,kPa
vle,Idris_2014_VLE,12,CO2,0.051,0.02773338876910356,kPa
vle,Idris_2014_VLE,13,CO2,0.0765,0.05357142538785288,kPa
vle,Idris_2014_VLE,14,CO2,0.0918,0.1465910905115791,kPa
vle,Idris_2014_VLE,15,CO2,0.1725,0.3328981456781932,kPa
vle,Idris_2014_VLE,16,CO2,0.3432,0.6432222882990708,kPa
vle,Idris_2014_VLE,17,CO2,0.7496,1.250029622031696,kPa
vle,Idris_2014_VLE,18,CO2,2.0675,2.0776217981575242,kPa
vle,Idris_2014_VLE,19,CO2,4.9754,4.5987596334063126,kPa
vle,Idris_2014_VLE,20,CO2,0.0063,0.0024155565487234405,kPa
vle,Idris_2014_VLE,21,CO2,0.0108,0.004246808433612952,kPa
vle,Idris_2014_VLE,22,CO2,0.0129,0.006012484436338069,kPa
vle,Idris_2014_VLE,23,CO2,0.0238,0.014301503634408776,kPa
vle,Idris_2014_VLE,24,CO2,0.0444,0.033579979644002944,kPa
vle,Idris_2014_VLE,25,CO2,0.1642,0.11560957050539535,kPa
vle,Idris_2014_VLE,26,CO2,0.4106,0.2431853502162762,kPa
vle,Idris_2014_VLE,27,CO2,1.0214,0.5132480776171747,kPa
vle,Idris_2014_VLE,28,CO2,2.2961,1.3034709155231285,kPa
vle,Idris_2014_VLE,29,CO2,18.2548,10.067141034696947,kPa
speciation,Jakobsen_2005_ChEq,0,HCO3^-,0.0002,0.00031977087252500866,mol/mol true species
speciation,Jakobsen_2005_ChEq,0,MEA,0.0213,0.0240718444441792,mol/mol true species
speciation,Jakobsen_2005_ChEq,0,MEACOO^-,0.0102,0.012545882363618623,mol/mol true species
speciation,Jakobsen_2005_ChEq,0,MEAH^+,0.01,0.012865653236143628,mol/mol true species
speciation,Jakobsen_2005_ChEq,1,HCO3^-,0.0025,0.004870688997394825,mol/mol true species
speciation,Jakobsen_2005_ChEq,1,MEA,0.0023,0.0029016261480708638,mol/mol true species
speciation,Jakobsen_2005_ChEq,1,MEACOO^-,0.0172,0.020855405632296715,mol/mol true species
speciation,Jakobsen_2005_ChEq,1,MEAH^+,0.0204,0.025726094629691543,mol/mol true species
speciation,Jakobsen_2005_ChEq,2,HCO3^-,0.0175,0.028018991442407163,mol/mol true species
speciation,Jakobsen_2005_ChEq,2,MEA,0.0002,0.00024421930258006045,mol/mol true species
speciation,Jakobsen_2005_ChEq,2,MEACOO^-,0.012,0.010598795699578072,mol/mol true species
speciation,Jakobsen_2005_ChEq,2,MEAH^+,0.0277,0.03861778714198525,mol/mol true species
speciation,Jakobsen_2005_ChEq,3,HCO3^-,0.0286,0.04451322440206487,mol/mol true species
speciation,Jakobsen_2005_ChEq,3,MEA,0.0002,3.166475511196269e-05,mol/mol true species
speciation,Jakobsen_2005_ChEq,3,MEACOO^-,0.0077,0.0023138842307203608,mol/mol true species
speciation,Jakobsen_2005_ChEq,3,MEAH^+,0.0321,0.04682710863278525,mol/mol true species
speciation,Jakobsen_2005_ChEq,4,HCO3^-,0.0003,0.0005402438857014896,mol/mol true species
speciation,Jakobsen_2005_ChEq,4,MEA,0.0208,0.02429252133966733,mol/mol true species
speciation,Jakobsen_2005_ChEq,4,MEACOO^-,0.0097,0.01232530485677613,mol/mol true species
speciation,Jakobsen_2005_ChEq,4,MEAH^+,0.0091,0.01286554874247762,mol/mol true species
speciation,Jakobsen_2005_ChEq,5,HCO3^-,0.0033,0.0058620918009523,mol/mol true species
speciation,Jakobsen_2005_ChEq,5,MEA,0.0034,0.0039106160850705275,mol/mol true species
speciation,Jakobsen_2005_ChEq,5,MEACOO^-,0.0159,0.01985499190942178,mol/mol true species
speciation,Jakobsen_2005_ChEq,5,MEAH^+,0.0187,0.025717083710374084,mol/mol true species
speciation,Jakobsen_2005_ChEq,6,HCO3^-,0.0154,0.027575990573398945,mol/mol true species
speciation,Jakobsen_2005_ChEq,6,MEA,0.0007,0.00043278988240912927,mol/mol true species
speciation,Jakobsen_2005_ChEq,6,MEACOO^-,0.0109,0.0107183083046894,mol/mol true species
speciation,Jakobsen_2005_ChEq,6,MEAH^+,0.0246,0.03829429887808835,mol/mol true species
speciation,Jakobsen_2005_ChEq,7,HCO3^-,0.0234,0.042637896635095866,mol/mol true species
speciation,Jakobsen_2005_ChEq,7,MEA,0.0007,7.971142514320452e-05,mol/mol true species
speciation,Jakobsen_2005_ChEq,7,MEACOO^-,0.0079,0.0032043948487145133,mol/mol true species
speciation,Jakobsen_2005_ChEq,7,MEAH^+,0.0288,0.04584229148381038,mol/mol true species
speciation,Jakobsen_2005_ChEq,8,HCO3^-,0.0,5.329463162989246e-05,mol/mol true species
speciation,Jakobsen_2005_ChEq,8,MEA,0.102,0.08760022164870884,mol/mol true species
speciation,Jakobsen_2005_ChEq,8,MEACOO^-,0.0106,0.012293065730678362,mol/mol true species
speciation,Jakobsen_2005_ChEq,8,MEAH^+,0.0081,0.012346360362308257,mol/mol true species
speciation,Jakobsen_2005_ChEq,9,HCO3^-,0.0001,0.00015135895836478595,mol/mol true species
speciation,Jakobsen_2005_ChEq,9,MEA,0.0732,0.06525036753440909,mol/mol true species
speciation,Jakobsen_2005_ChEq,9,MEACOO^-,0.0206,0.023418958989438077,mol/mol true species
speciation,Jakobsen_2005_ChEq,9,MEAH^+,0.0178,0.02357031794780287,mol/mol true species
speciation,Jakobsen_2005_ChEq,10,HCO3^-,0.0002,0.0003123568370642305,mol/mol true species
speciation,Jakobsen_2005_ChEq,10,MEA,0.0556,0.047453054324334346,mol/mol true species
speciation,Jakobsen_2005_ChEq,10,MEACOO^-,0.0307,0.0322371146491668,mol/mol true species
speciation,Jakobsen_2005_ChEq,10,MEAH^+,0.0236,0.032549471486231024,mol/mol true species
speciation,Jakobsen_2005_ChEq,11,HCO3^-,0.0002,0.0002175632807810533,mol/mol true species
speciation,Jakobsen_2005_ChEq,11,MEA,0.0591,0.05633741272876471,mol/mol true species
speciation,Jakobsen_2005_ChEq,11,MEACOO^-,0.0274,0.0278423347078337,mol/mol true species
speciation,Jakobsen_2005_ChEq,11,MEAH^+,0.0245,0.028059897988614756,mol/mol true species
speciation,Jakobsen_2005_ChEq,12,HCO3^-,0.0006,0.0009726278627504334,mol/mol true species
speciation,Jakobsen_2005_ChEq,12,MEA,0.0331,0.0234209006674267,mol/mol true species
speciation,Jakobsen_2005_ChEq,12,MEACOO^-,0.0427,0.043923047351968406,mol/mol true species
speciation,Jakobsen_2005_ChEq,12,MEAH^+,0.0447,0.044895675214718836,mol/mol true species
speciation,Jakobsen_2005_ChEq,13,HCO3^-,0.0139,0.02323762252763099,mol/mol true species
speciation,Jakobsen_2005_ChEq,13,MEA,0.0009,0.0010400695699366838,mol/mol true species
speciation,Jakobsen_2005_ChEq,13,MEACOO^-,0.0519,0.04397402678710865,mol/mol true species
speciation,Jakobsen_2005_ChEq,13,MEAH^+,0.0632,0.06721164931473964,mol/mol true species
speciation,Jakobsen_2005_ChEq,14,HCO3^-,0.0442,0.059498231859859606,mol/mol true species
speciation,Jakobsen_2005_ChEq,14,MEA,0.0003,0.00021858665933590667,mol/mol true species
speciation,Jakobsen_2005_ChEq,14,MEACOO^-,0.0385,0.026164166832563496,mol/mol true species
speciation,Jakobsen_2005_ChEq,14,MEAH^+,0.0749,0.08566239869242312,mol/mol true species
speciation,Jakobsen_2005_ChEq,15,HCO3^-,0.0671,0.08809032694035647,mol/mol true species
speciation,Jakobsen_2005_ChEq,15,MEA,0.0006,5.838220061107992e-05,mol/mol true species
speciation,Jakobsen_2005_ChEq,15,MEACOO^-,0.0276,0.011461316476791815,mol/mol true species
speciation,Jakobsen_2005_ChEq,15,MEAH^+,0.0826,0.09955164341714828,mol/mol true species
speciation,Jakobsen_2005_ChEq,16,HCO3^-,0.0001,9.771616059298838e-05,mol/mol true species
speciation,Jakobsen_2005_ChEq,16,MEA,0.0985,0.08764465290990284,mol/mol true species
speciation,Jakobsen_2005_ChEq,16,MEACOO^-,0.0103,0.012248639050013155,mol/mol true species
speciation,Jakobsen_2005_ChEq,16,MEAH^+,0.0065,0.012346355210606143,mol/mol true species
speciation,Jakobsen_2005_ChEq,17,HCO3^-,0.002,0.0002729234146178585,mol/mol true species
speciation,Jakobsen_2005_ChEq,17,MEA,0.0715,0.06537198803591901,mol/mol true species
speciation,Jakobsen_2005_ChEq,17,MEACOO^-,0.018,0.023297364885021293,mol/mol true species
speciation,Jakobsen_2005_ChEq,17,MEAH^+,0.016,0.023570288299639145,mol/mol true species
speciation,Jakobsen_2005_ChEq,18,HCO3^-,0.0003,0.0005536474235798907,mol/mol true species
speciation,Jakobsen_2005_ChEq,18,MEA,0.0563,0.04769453846033721,mol/mol true species
speciation,Jakobsen_2005_ChEq,18,MEACOO^-,0.0284,0.03199572172582614,mol/mol true species
speciation,Jakobsen_2005_ChEq,18,MEAH^+,0.0225,0.032549369149406024,mol/mol true species
speciation,Jakobsen_2005_ChEq,19,HCO3^-,0.0004,0.0003892174083493313,mol/mol true species
speciation,Jakobsen_2005_ChEq,19,MEA,0.0559,0.05650917076409225,mol/mol true species
speciation,Jakobsen_2005_ChEq,19,MEACOO^-,0.0261,0.02767062562656863,mol/mol true species
speciation,Jakobsen_2005_ChEq,19,MEAH^+,0.0218,0.028059843034917965,mol/mol true species
speciation,Jakobsen_2005_ChEq,20,HCO3^-,0.0012,0.0016416812729293905,mol/mol true species
speciation,Jakobsen_2005_ChEq,20,MEA,0.0376,0.024091360042361693,mol/mol true species
speciation,Jakobsen_2005_ChEq,20,MEACOO^-,0.0495,0.043253251060340184,mol/mol true species
speciation,Jakobsen_2005_ChEq,20,MEAH^+,0.0473,0.044894932333269584,mol/mol true species
speciation,Jakobsen_2005_ChEq,21,HCO3^-,0.0151,0.02373858534981131,mol/mol true species
speciation,Jakobsen_2005_ChEq,21,MEA,0.0028,0.0017566076087630676,mol/mol true species
speciation,Jakobsen_2005_ChEq,21,MEACOO^-,0.0494,0.04335929447580411,mol/mol true species
speciation,Jakobsen_2005_ChEq,21,MEAH^+,0.061,0.06709787982561542,mol/mol true species
speciation,Jakobsen_2005_ChEq,22,HCO3^-,0.0448,0.05762925379891642,mol/mol true species
speciation,Jakobsen_2005_ChEq,22,MEA,0.0012,0.00041400837648622604,mol/mol true species
speciation,Jakobsen_2005_ChEq,22,MEACOO^-,0.0388,0.02694478313546732,mol/mol true species
speciation,Jakobsen_2005_ChEq,22,MEAH^+,0.0743,0.08457403693438376,mol/mol true species
speciation,Jakobsen_2005_ChEq,23,HCO3^-,0.0696,0.08285391870927863,mol/mol true species
speciation,Jakobsen_2005_ChEq,23,MEA,0.0014,0.000136428170976995,mol/mol true species
speciation,Jakobsen_2005_ChEq,23,MEACOO^-,0.0312,0.013899148342319373,mol/mol true species
speciation,Jakobsen_2005_ChEq,23,MEAH^+,0.0843,0.096753067051598,mol/mol true species
vle,Jou_1995_VLE,0,CO2,0.0012,0.0023837314817196516,kPa
vle,Jou_1995_VLE,1,CO2,0.00595,0.014729963512065727,kPa
vle,Jou_1995_VLE,2,CO2,0.0236,0.08508711892214596,kPa
vle,Jou_1995_VLE,3,CO2,0.253,1.1605182495070243,kPa
vle,Jou_1995_VLE,6,CO2,0.00213,0.0017128057665641728,kPa
vle,Jou_1995_VLE,7,CO2,0.00927,0.010010796933409635,kPa
vle,Jou_1995_VLE,8,CO2,0.06,0.12093807891856485,kPa
vle,Jou_1995_VLE,9,CO2,0.392,0.8486929593423254,kPa
vle,Jou_1995_VLE,10,CO2,2.8,4.25572127008183,kPa
vle,Jou_1995_VLE,11,CO2,11.8,17.273329379683503,kPa
vle,Jou_1995_VLE,15,CO2,0.00896,0.007947610461901865,kPa
vle,Jou_1995_VLE,16,CO2,0.0677,0.10653987045672976,kPa
vle,Jou_1995_VLE,17,CO2,0.604,1.5099503806731336,kPa
vle,Jou_1995_VLE,18,CO2,2.57,5.573378825758506,kPa
vle,Jou_1995_VLE,19,CO2,8.09,20.595749502997883,kPa
vle,Jou_1995_VLE,23,CO2,0.0193,0.014896533158686191,kPa
vle,Jou_1995_VLE,24,CO2,0.0579,0.06415142982284644,kPa
vle,Jou_1995_VLE,25,CO2,0.528,1.1782753281409564,kPa
vle,Jou_1995_VLE,26,CO2,2.01,3.287020011783662,kPa
vle,Jou_1995_VLE,27,CO2,11.0,17.27529630503615,kPa
vle,Jou_1995_VLE,28,CO2,34.0,68.87734783018165,kPa
vle,Jou_1995_VLE,29,CO2,82.0,100.13567239137768,kPa
vle,Jou_1995_VLE,34,CO2,0.0992,0.0967319110120933,kPa
vle,Jou_1995_VLE,35,CO2,0.278,0.31141886818838693,kPa
vle,Jou_1995_VLE,36,CO2,2.67,3.373710546144649,kPa
vle,Jou_1995_VLE,37,CO2,16.0,25.256077615958315,kPa
vle,Jou_1995_VLE,38,CO2,56.0,81.22375103668891,kPa
vle,Jou_1995_VLE,39,CO2,235.0,255.8697185214626,kPa
vle,Jou_1995_VLE,44,CO2,1.43,1.7512492191831481,kPa
vle,Jou_1995_VLE,45,CO2,19.0,27.3471434311236,kPa
vle,Jou_1995_VLE,46,CO2,39.0,51.720993085677286,kPa
vle,Jou_1995_VLE,47,CO2,69.0,126.59821275180656,kPa
vle,Jou_1995_VLE,48,CO2,109.0,135.19470683957968,kPa
vle,Jou_1995_VLE,49,CO2,509.0,545.9060689087742,kPa
vle,Jou_1995_VLE,50,CO2,376.0,697.8957307703619,kPa
vle,Jou_1995_VLE,55,CO2,2.29,2.737833429325468,kPa
vle,Jou_1995_VLE,56,CO2,46.8,70.85298975957429,kPa
vle,Jou_1995_VLE,57,CO2,122.0,161.59328977671075,kPa
vle,Jou_1995_VLE,58,CO2,222.0,249.08966425534558,kPa
vle,Jou_1995_VLE,59,CO2,422.0,365.4370708995433,kPa
vle,Jou_1995_VLE,60,CO2,822.0,809.5520291733822,kPa
vle,Jou_1995_VLE,67,CO2,34.2,40.34481541475704,kPa
vle,Jou_1995_VLE,68,CO2,123.0,259.5790197893223,kPa
vle,Jou_1995_VLE,69,CO2,420.0,479.8880414601309,kPa
vle,Jou_1995_VLE,70,CO2,560.0,654.3011851759686,kPa
vle,Jou_1995_VLE,71,CO2,570.0,1641.8334750561748,kPa
vle,Jou_1995_VLE,72,CO2,4544.0,3638.4328163960527,kPa
vle,Mamun_2005_VLE,0,CO2,7.354,5.07502369160823,kPa
vle,Mamun_2005_VLE,1,CO2,9.314,7.0692153162986315,kPa
vle,Mamun_2005_VLE,2,CO2,9.045,7.917283885772831,kPa
vle,Mamun_2005_VLE,3,CO2,15.51,11.164166219109273,kPa
vle,Mamun_2005_VLE,4,CO2,19.62,15.505091591386371,kPa
vle,Mamun_2005_VLE,5,CO2,25.2,16.688897087732066,kPa
vle,Mamun_2005_VLE,6,CO2,27.71,21.149760362057016,kPa
vle,Mamun_2005_VLE,7,CO2,39.18,32.986411029705884,kPa
vle,Mamun_2005_VLE,8,CO2,40.4,35.93174303155773,kPa
vle,Mamun_2005_VLE,9,CO2,43.49,37.695591385901054,kPa
vle,Mamun_2005_VLE,10,CO2,51.82,44.09068053013148,kPa
vle,Mamun_2005_VLE,11,CO2,58.57,48.0275555487882,kPa
vle,Mamun_2005_VLE,12,CO2,62.88,55.180520296721994,kPa
vle,Mamun_2005_VLE,13,CO2,77.59,65.00864638937001,kPa
vle,Mamun_2005_VLE,14,CO2,74.95,65.00864638937,kPa
vle,Mamun_2005_VLE,15,CO2,83.61,71.78435478948978,kPa
vle,Mamun_2005_VLE,16,CO2,92.79,81.17678548874083,kPa
vle,Mamun_2005_VLE,17,CO2,137.9,118.61029985438394,kPa
vle,Mamun_2005_VLE,18,CO2,191.9,176.668039840172,kPa
speciation,Matin_2012_ChEq,0,HCO3^-,0.0024,5.063170209773744e-05,mol/mol true species
speciation,Matin_2012_ChEq,0,MEA,0.0915,0.08849546945431,mol/mol true species
speciation,Matin_2012_ChEq,0,MEACOO^-,0.0097,0.011846769273148938,mol/mol true species
speciation,Matin_2012_ChEq,0,MEAH^+,0.0115,0.011897400975246678,mol/mol true species
speciation,Matin_2012_ChEq,1,HCO3^-,0.0022,6.620344914022558e-05,mol/mol true species
speciation,Matin_2012_ChEq,1,MEA,0.0867,0.08357250363181137,mol/mol true species
speciation,Matin_2012_ChEq,1,MEACOO^-,0.0124,0.014300468740305609,mol/mol true species
speciation,Matin_2012_ChEq,1,MEAH^+,0.0139,0.014366672189445836,mol/mol true species
speciation,Matin_2012_ChEq,2,HCO3^-,0.002,8.430875926362645e-05,mol/mol true species
speciation,Matin_2012_ChEq,2,MEA,0.0817,0.07865206349655071,mol/mol true species
speciation,Matin_2012_ChEq,2,MEACOO^-,0.0151,0.01675163472247594,mol/mol true species
speciation,Matin_2012_ChEq,2,MEAH^+,0.0162,0.016835943481739564,mol/mol true species
speciation,Matin_2012_ChEq,3,HCO3^-,0.002,0.00010652348422007271,mol/mol true species
speciation,Matin_2012_ChEq,3,MEA,0.0768,0.073511256896976,mol/mol true species
speciation,Matin_2012_ChEq,3,MEACOO^-,0.0177,0.019310933157489815,mol/mol true species
speciation,Matin_2012_ChEq,3,MEAH^+,0.0186,0.01941745664170989,mol/mol true species
speciation,Matin_2012_ChEq,4,HCO3^-,0.002,0.00013162674430307954,mol/mol true species
speciation,Matin_2012_ChEq,4,MEA,0.0718,0.06859782143916762,mol/mol true species
speciation,Matin_2012_ChEq,4,MEACOO^-,0.0203,0.021755097167866368,mol/mol true species
speciation,Matin_2012_ChEq,4,MEAH^+,0.021,0.021886723912169448,mol/mol true species
speciation,Matin_2012_ChEq,5,HCO3^-,0.0021,0.00016289007489039004,mol/mol true species
speciation,Matin_2012_ChEq,5,MEA,0.0668,0.06346605878718897,mol/mol true species
speciation,Matin_2012_ChEq,5,MEACOO^-,0.0228,0.02430534587228541,mol/mol true species
speciation,Matin_2012_ChEq,5,MEAH^+,0.0234,0.024468235947175808,mol/mol true species
speciation,Matin_2012_ChEq,6,HCO3^-,0.0023,0.00020063931960458294,mol/mol true species
speciation,Matin_2012_ChEq,6,MEA,0.0618,0.05834079801915223,mol/mol true species
speciation,Matin_2012_ChEq,6,MEACOO^-,0.0252,0.026849103171548257,mol/mol true species
speciation,Matin_2012_ChEq,6,MEAH^+,0.0257,0.027049742491152846,mol/mol true species
speciation,Matin_2012_ChEq,7,HCO3^-,0.0026,0.0002467590270143658,mol/mol true species
speciation,Matin_2012_ChEq,7,MEA,0.0568,0.05322390379954149,mol/mol true species
speciation,Matin_2012_ChEq,7,MEACOO^-,0.0276,0.029384489279733066,mol/mol true species
speciation,Matin_2012_ChEq,7,MEAH^+,0.0281,0.029631248306747432,mol/mol true species
speciation,Matin_2012_ChEq,8,HCO3^-,0.003,0.0003039060143406345,mol/mol true species
speciation,Matin_2012_ChEq,8,MEA,0.0518,0.0481180309138142,mol/mol true species
speciation,Matin_2012_ChEq,8,MEACOO^-,0.0299,0.031908853655023474,mol/mol true species
speciation,Matin_2012_ChEq,8,MEAH^+,0.0304,0.032212759669364106,mol/mol true species
speciation,Matin_2012_ChEq,9,HCO3^-,0.0034,0.00037593943472714815,mol/mol true species
speciation,Matin_2012_ChEq,9,MEA,0.0469,0.043027059996225005,mol/mol true species
speciation,Matin_2012_ChEq,9,MEACOO^-,0.0321,0.0344183182547072,mol/mol true species
speciation,Matin_2012_ChEq,9,MEAH^+,0.0327,0.03479425768943435,mol/mol true species
speciation,Matin_2012_ChEq,10,HCO3^-,0.004,0.0004732930550328615,mol/mol true species
speciation,Matin_2012_ChEq,10,MEA,0.0419,0.037736949054250915,mol/mol true species
speciation,Matin_2012_ChEq,10,MEACOO^-,0.0342,0.03701469975313902,mol/mol true species
speciation,Matin_2012_ChEq,10,MEAH^+,0.0349,0.037487992808171874,mol/mol true species
speciation,Matin_2012_ChEq,11,HCO3^-,0.0046,0.0006037047023687907,mol/mol true species
speciation,Matin_2012_ChEq,11,MEA,0.0371,0.032479903584776725,mol/mol true species
speciation,Matin_2012_ChEq,11,MEACOO^-,0.0362,0.03957801421451592,mol/mol true species
speciation,Matin_2012_ChEq,11,MEAH^+,0.0372,0.0401817189168847,mol/mol true species
speciation,Matin_2012_ChEq,12,HCO3^-,0.0053,0.0007849397520647258,mol/mol true species
speciation,Matin_2012_ChEq,12,MEA,0.0322,0.027273723330445275,mol/mol true species
speciation,Matin_2012_ChEq,12,MEACOO^-,0.0381,0.04209048207696779,mol/mol true species
speciation,Matin_2012_ChEq,12,MEAH^+,0.0394,0.04287542182903253,mol/mol true species
speciation,Matin_2012_ChEq,13,HCO3^-,0.0061,0.0010490978988613553,mol/mol true species
speciation,Matin_2012_ChEq,13,MEA,0.0274,0.02215054181874538,mol/mol true species
speciation,Matin_2012_ChEq,13,MEACOO^-,0.04,0.04451998912843463,mol/mol true species
speciation,Matin_2012_ChEq,13,MEAH^+,0.0415,0.04556908702729597,mol/mol true species
speciation,Matin_2012_ChEq,14,HCO3^-,0.007,0.0014804099252296416,mol/mol true species
speciation,Matin_2012_ChEq,14,MEA,0.0227,0.016970250968320003,mol/mol true species
speciation,Matin_2012_ChEq,14,MEACOO^-,0.0417,0.04689446985143857,mol/mol true species
speciation,Matin_2012_ChEq,14,MEAH^+,0.0436,0.04837487977666821,mol/mol true species
speciation,Matin_2012_ChEq,15,HCO3^-,0.008,0.0021814358355433066,mol/mol true species
speciation,Matin_2012_ChEq,15,MEA,0.0181,0.01228463364856759,mol/mol true species
speciation,Matin_2012_ChEq,15,MEACOO^-,0.0433,0.04888673828292512,mol/mol true species
speciation,Matin_2012_ChEq,15,MEAH^+,0.0457,0.051068174118468423,mol/mol true species
speciation,Matin_2012_ChEq,16,HCO3^-,0.0091,0.003514214706311869,mol/mol true species
speciation,Matin_2012_ChEq,16,MEA,0.0135,0.008008007257040567,mol/mol true species
speciation,Matin_2012_ChEq,16,MEACOO^-,0.0448,0.0503585938199771,mol/mol true species
speciation,Matin_2012_ChEq,16,MEAH^+,0.0477,0.053872808526288965,mol/mol true species
speciation,Matin_2012_ChEq,17,HCO3^-,0.0102,0.005936752750237687,mol/mol true species
speciation,Matin_2012_ChEq,17,MEA,0.009,0.004826609566556511,mol/mol true species
speciation,Matin_2012_ChEq,17,MEACOO^-,0.0462,0.05073779661805221,mol/mol true species
speciation,Matin_2012_ChEq,17,MEAH^+,0.0496,0.05667454936828992,mol/mol true species
speciation,Matin_2012_ChEq,18,HCO3^-,0.0114,0.009794427924970534,mol/mol true species
speciation,Matin_2012_ChEq,18,MEA,0.0046,0.002870816924339984,mol/mol true species
speciation,Matin_2012_ChEq,18,MEACOO^-,0.0475,0.04978621309456576,mol/mol true species
speciation,Matin_2012_ChEq,18,MEAH^+,0.0515,0.059580641019536286,mol/mol true species
